,area,pop,sex,x_cv_below7disorders,x_cv_past_year,x_ln_mx_conflict,x_ln_mx_war_10years,year
0,BRN,133.66156719999998,male,0.0,0.0,,,1990.0
1,BRN,119.39794410000002,female,0.0,0.0,,,1990.0
2,BRN,184.2128802,male,0.0,0.0,,,2005.0
3,BRN,179.46108790000002,female,0.0,0.0,,,2005.0
4,BRN,201.82745349999996,male,0.0,0.0,,,2010.0
5,BRN,197.70803019999997,female,0.0,0.0,,,2010.0
6,JPN,60319.2788805,male,0.0,0.0,-2.7059115207662923,-2.8190309306737222,1990.0
7,JPN,62490.184214,female,0.0,0.0,-2.7059115207662923,-2.8190309306737222,1990.0
8,JPN,61493.46250400002,male,0.0,0.0,-2.456862662423314,-2.5985556642746963,2005.0
9,JPN,64517.80272999999,female,0.0,0.0,-2.456862662423314,-2.5985556642746963,2005.0
10,JPN,61335.70887799997,male,0.0,0.0,-2.4291346461771095,-2.5794113108191317,2010.0
11,JPN,64488.12531000002,female,0.0,0.0,-2.4291346461771095,-2.5794113108191317,2010.0
12,KOR,21588.227159100006,male,0.0,0.0,-2.1474664425734225,-2.381149466670539,1990.0
13,KOR,21505.716819,female,0.0,0.0,-2.1474664425734225,-2.381149466670539,1990.0
14,KOR,23508.733657999994,male,0.0,0.0,-2.4612192480728896,-2.4086549588969945,2005.0
15,KOR,23596.264497499993,female,0.0,0.0,-2.4612192480728896,-2.4086549588969945,2005.0
16,KOR,24006.42824959999,male,0.0,0.0,-2.1260609802302084,-2.4758592707241176,2010.0
17,KOR,24152.393285,female,0.0,0.0,-2.1260609802302084,-2.4758592707241176,2010.0
18,SGP,1384.8929620000001,male,0.0,0.0,-2.22295962350467,-2.3446358427921146,1990.0
19,SGP,1344.8351526999995,female,0.0,0.0,-2.22295962350467,-2.3446358427921146,1990.0
20,SGP,1749.1895844999995,male,0.0,0.0,-2.362684919211585,-2.4896783750815574,2005.0
21,SGP,1768.4785093999997,female,0.0,0.0,-2.362684919211585,-2.4896783750815574,2005.0
22,SGP,1830.0870748000007,male,0.0,0.0,-2.285131403550756,-2.4778334284894665,2010.0
23,SGP,1855.3965593999997,female,0.0,0.0,-2.285131403550756,-2.4778334284894665,2010.0
24,ARM,1710.5456617000011,male,0.0,0.0,-1.975861005669083,-2.1113202561377955,1990.0
25,ARM,1812.4344401000003,female,0.0,0.0,-1.975861005669083,-2.1113202561377955,1990.0
26,ARM,1431.3039597999993,male,0.0,0.0,-1.9869805221104135,-1.9318875637847575,2005.0
27,ARM,1635.7164434,female,0.0,0.0,-1.9869805221104135,-1.9318875637847575,2005.0
28,ARM,1440.6972559000005,male,0.0,0.0,-1.895948328104152,-1.9917592896263,2010.0
29,ARM,1654.1347184999995,female,0.0,0.0,-1.895948328104152,-1.9917592896263,2010.0
30,AZE,3487.496720099999,male,0.0,0.0,-2.2088675630641696,-2.1814940993934684,1990.0
31,AZE,3648.6280441,female,0.0,0.0,-2.2088675630641696,-2.1814940993934684,1990.0
32,AZE,4243.970750200004,male,0.0,0.0,-1.9996413576624248,-2.127113518260585,2005.0
33,AZE,4396.035171599995,female,0.0,0.0,-1.9996413576624248,-2.127113518260585,2005.0
34,AZE,4557.728959000001,male,0.0,0.0,-4.029621537411595,-2.269319235609905,2010.0
35,AZE,4657.580139499997,female,0.0,0.0,-4.029621537411595,-2.269319235609905,2010.0
36,GEO,2591.894461299999,male,0.0,0.0,-1.8271866224726085,-2.1157496689390407,1990.0
37,GEO,2859.6009473999993,female,0.0,0.0,-1.8271866224726085,-2.1157496689390407,1990.0
38,GEO,2127.5304993,male,0.0,0.0,-2.0189707575300284,-1.9240904700896833,2005.0
39,GEO,2383.3889962000017,female,0.0,0.0,-2.0189707575300284,-1.9240904700896833,2005.0
40,GEO,2051.4150389999995,male,0.0,0.0,-2.122475054135975,-1.7895159508249059,2010.0
41,GEO,2304.1048804000015,female,0.0,0.0,-2.122475054135975,-1.7895159508249059,2010.0
42,KAZ,8007.3483906999945,male,0.0,0.0,-1.963451814053509,-2.092856074685417,1990.0
43,KAZ,8510.901398899992,female,0.0,0.0,-1.963451814053509,-2.092856074685417,1990.0
44,KAZ,7282.781033199999,male,0.0,0.0,,-2.22814394507549,2005.0
45,KAZ,7940.950811999999,female,0.0,0.0,,-2.22814394507549,2005.0
46,KAZ,7660.5220837,male,0.0,0.0,-4.029621537411595,-2.3914515840846704,2010.0
47,KAZ,8297.035153400004,female,0.0,0.0,-4.029621537411595,-2.3914515840846704,2010.0
48,KGZ,2158.5602069000006,male,0.0,0.0,-1.94869918827986,-2.0611036548293047,1990.0
49,KGZ,2249.700722,female,0.0,0.0,-1.94869918827986,-2.0611036548293047,1990.0
50,KGZ,2508.159457099999,male,0.0,0.0,-4.029621537411595,-2.0948136428897115,2005.0
51,KGZ,2563.0768046000007,female,0.0,0.0,-4.029621537411595,-2.0948136428897115,2005.0
52,KGZ,2628.4733685,male,0.0,0.0,-1.837252379930108,-2.2659515547160742,2010.0
53,KGZ,2697.142622600001,female,0.0,0.0,-1.837252379930108,-2.2659515547160742,2010.0
54,MNG,1082.1606737000004,male,0.0,0.0,-4.029621537411595,-4.250428027039955,1990.0
55,MNG,1107.7485214,female,0.0,0.0,-4.029621537411595,-4.250428027039955,1990.0
56,MNG,1265.3977649,male,0.0,0.0,,-4.250428027039955,2005.0
57,MNG,1294.4337236000003,female,0.0,0.0,,-4.250428027039955,2005.0
58,MNG,1357.9080002999995,male,0.0,0.0,,-4.250428027039955,2010.0
59,MNG,1392.4584609000005,female,0.0,0.0,,-4.250428027039955,2010.0
60,TJK,2613.2744406,male,0.0,0.0,-2.1975435859244823,-2.232888559536747,1990.0
61,TJK,2645.2573819000017,female,0.0,0.0,-2.1975435859244823,-2.232888559536747,1990.0
62,TJK,3210.6554434000013,male,0.0,0.0,-2.1703817685352607,-1.7488217575610365,2005.0
63,TJK,3269.5590537000016,female,0.0,0.0,-2.1703817685352607,-1.7488217575610365,2005.0
64,TJK,3396.193480099999,male,0.0,0.0,-1.7556725612862798,-2.034311513728143,2010.0
65,TJK,3507.297580000001,female,0.0,0.0,-1.7556725612862798,-2.034311513728143,2010.0
66,TKM,1799.7716377,male,0.0,0.0,-2.3208962980169345,-2.211620742266352,1990.0
67,TKM,1850.028399600001,female,0.0,0.0,-2.3208962980169345,-2.211620742266352,1990.0
68,TKM,2347.364430600001,male,0.0,0.0,,-2.3838037964390764,2005.0
69,TKM,2409.8982327000012,female,0.0,0.0,,-2.3838037964390764,2005.0
70,TKM,2495.7689168999996,male,0.0,0.0,,,2010.0
71,TKM,2569.679244200001,female,0.0,0.0,,,2010.0
72,UZB,10154.9080069,male,0.0,0.0,-2.0110597012782754,-2.1610391706146874,1990.0
73,UZB,10384.680012900004,female,0.0,0.0,-2.0110597012782754,-2.1610391706146874,1990.0
74,UZB,12946.3835085,male,0.0,0.0,-2.322988088238571,-2.08276962156498,2005.0
75,UZB,13091.370690400006,female,0.0,0.0,-2.322988088238571,-2.08276962156498,2005.0
76,UZB,13659.930280699995,male,0.0,0.0,,-2.1359889334241267,2010.0
77,UZB,13820.697195799996,female,0.0,0.0,,-2.1359889334241267,2010.0
78,CHN,588954.0302004003,male,0.0,0.0,-4.029621537411595,-2.3707146327679824,1990.0
79,CHN,552619.8163469997,female,0.0,0.0,-4.029621537411595,-2.3707146327679824,1990.0
80,CHN,678630.3884500001,male,0.0,0.0,-4.029621537411595,-2.6627074968680025,2005.0
81,CHN,630234.8130199998,female,0.0,0.0,-4.029621537411595,-2.6627074968680025,2005.0
82,CHN,696449.8288400003,male,0.0,0.0,-2.999501355858705,-2.7385881491260275,2010.0
83,CHN,645489.2515400002,female,0.0,0.0,-2.999501355858705,-2.7385881491260275,2010.0
84,PRK,9884.714000900003,male,0.0,0.0,,-4.250428027039955,1990.0
85,PRK,10289.008091900001,female,0.0,0.0,,-4.250428027039955,1990.0
86,PRK,11661.207504600005,male,0.0,0.0,-4.029621537411595,-4.250428027039955,2005.0
87,PRK,12117.675875699997,female,0.0,0.0,-4.029621537411595,-4.250428027039955,2005.0
88,PRK,11952.585389799999,male,0.0,0.0,-4.029621537411595,-4.250428027039955,2010.0
89,PRK,12409.551854599995,female,0.0,0.0,-4.029621537411595,-4.250428027039955,2010.0
90,TWN,10563.033899,male,0.0,0.0,-4.029621537411595,-4.250428027039955,1990.0
91,TWN,9807.552234399998,female,0.0,0.0,-4.029621537411595,-4.250428027039955,1990.0
92,TWN,11605.715724100004,male,0.0,0.0,-4.029621537411595,-4.250428027039955,2005.0
93,TWN,11226.7499847,female,0.0,0.0,-4.029621537411595,-4.250428027039955,2005.0
94,TWN,11656.959409300007,male,0.0,0.0,-4.029621537411595,-4.250428027039955,2010.0
95,TWN,11493.5163991,female,0.0,0.0,-4.029621537411595,-4.250428027039955,2010.0
96,BGD,54143.19738380003,male,0.0,0.0,-2.1974964026864017,-2.3398912283308575,1990.0
97,BGD,51132.4519484,female,0.0,0.0,-2.1974964026864017,-2.3398912283308575,1990.0
98,BGD,71820.49790409998,male,0.0,0.0,-2.3704701534951202,-2.6799108716803266,2005.0
99,BGD,68705.51659130005,female,0.0,0.0,-2.3704701534951202,-2.6799108716803266,2005.0
100,BGD,75409.66750269999,male,0.0,0.0,-4.029621537411595,-2.6750667198527482,2010.0
101,BGD,73501.30590330003,female,0.0,0.0,-4.029621537411595,-2.6750667198527482,2010.0
102,BTN,286.13550519999984,male,0.0,0.0,,,1990.0
103,BTN,271.49023849999975,female,0.0,0.0,,,1990.0
104,BTN,346.2298341999999,male,0.0,0.0,,-4.250428027039955,2005.0
105,BTN,312.29310050000004,female,0.0,0.0,,-4.250428027039955,2005.0
106,BTN,384.44008460000015,male,0.0,0.0,,-4.250428027039955,2010.0
107,BTN,341.6708764,female,0.0,0.0,,-4.250428027039955,2010.0
108,IND,453992.4129800001,male,0.0,0.0,-1.919099570256401,-2.196092913120416,1990.0
109,IND,419427.2838499998,female,0.0,0.0,-1.919099570256401,-2.196092913120416,1990.0
110,IND,590469.8714030001,male,0.0,0.0,-2.097515121190581,-2.1821079131524423,2005.0
111,IND,550601.001185,female,0.0,0.0,-2.097515121190581,-2.1821079131524423,2005.0
112,IND,632645.8063069996,male,0.0,0.0,-2.1585073202846172,-2.2088171064483366,2010.0
113,IND,592503.6918540001,female,0.0,0.0,-2.1585073202846172,-2.2088171064483366,2010.0
114,NPL,9662.579872700004,male,0.0,0.0,-4.029621537411595,-4.250428027039955,1990.0
115,NPL,9415.227923499999,female,0.0,0.0,-4.029621537411595,-4.250428027039955,1990.0
116,NPL,13532.943229199998,male,0.0,0.0,-1.5535144049492227,-1.6517379873207252,2005.0
117,NPL,13734.2314972,female,0.0,0.0,-1.5535144049492227,-1.6517379873207252,2005.0
118,NPL,14862.388197899996,male,0.0,0.0,-2.2530625294010034,-1.6750645691178414,2010.0
119,NPL,15107.510846100002,female,0.0,0.0,-2.2530625294010034,-1.6750645691178414,2010.0
120,PAK,57702.105034000015,male,0.0,0.0,-2.125762153055689,-2.5828951186403333,1990.0
121,PAK,54214.363305099985,female,0.0,0.0,-2.125762153055689,-2.5828951186403333,1990.0
122,PAK,81331.27847350009,male,0.0,0.0,-2.340068420424266,-2.3622871357528803,2005.0
123,PAK,78012.35544910005,female,0.0,0.0,-2.340068420424266,-2.3622871357528803,2005.0
124,PAK,88242.56916779996,male,0.0,0.0,-1.6169066580870308,-1.8836782993637224,2010.0
125,PAK,85346.30111649999,female,0.0,0.0,-1.6169066580870308,-1.8836782993637224,2010.0
126,IDN,92178.5650411,male,0.0,0.0,-2.318631502588997,-1.7558557314476577,1990.0
127,IDN,92112.07889789999,female,0.0,0.0,-2.318631502588997,-1.7558557314476577,1990.0
128,IDN,113406.9156899,male,0.0,0.0,-2.1829482376111087,-2.1176076997770164,2005.0
129,IDN,113673.73564620005,female,0.0,0.0,-2.1829482376111087,-2.1176076997770164,2005.0
130,IDN,119677.16148190002,male,0.0,0.0,-2.6726316101724357,-2.241183340063423,2010.0
131,IDN,120292.31446290002,female,0.0,0.0,-2.6726316101724357,-2.241183340063423,2010.0
132,KHM,4585.302223799999,male,0.0,0.0,-1.5858600874290563,-1.2303166857946768,1990.0
133,KHM,5038.9141858,female,0.0,0.0,-1.5858600874290563,-1.2303166857946768,1990.0
134,KHM,6530.265622100002,male,0.0,0.0,-4.029621537411595,-1.8378579317343673,2005.0
135,KHM,6856.6972318,female,0.0,0.0,-4.029621537411595,-1.8378579317343673,2005.0
136,KHM,6931.7449582,male,0.0,0.0,-2.589762116354365,-2.7044966011613916,2010.0
137,KHM,7237.526800499997,female,0.0,0.0,-2.589762116354365,-2.7044966011613916,2010.0
138,LAO,2099.3570781999997,male,0.0,0.0,-1.7998517998770864,-1.7344386081277825,1990.0
139,LAO,2099.9527904999995,female,0.0,0.0,-1.7998517998770864,-1.7344386081277825,1990.0
140,LAO,2861.7578110000013,male,0.0,0.0,,-4.250428027039955,2005.0
141,LAO,2889.9404584000013,female,0.0,0.0,,-4.250428027039955,2005.0
142,LAO,3089.094255000002,male,0.0,0.0,,-2.1035895206869353,2010.0
143,LAO,3104.3549060000014,female,0.0,0.0,,-2.1035895206869353,2010.0
144,LKA,8763.714448,male,0.0,0.0,-1.3064378059580735,-1.5377063215083098,1990.0
145,LKA,8595.825908300003,female,0.0,0.0,-1.3064378059580735,-1.5377063215083098,1990.0
146,LKA,9838.348028800001,male,0.0,0.0,-1.8966088934373002,-1.543318570012659,2005.0
147,LKA,10015.4539481,female,0.0,0.0,-1.8966088934373002,-1.543318570012659,2005.0
148,LKA,10298.886311000004,male,0.0,0.0,-4.029621537411595,-1.4938833370297802,2010.0
149,LKA,10559.83404159999,female,0.0,0.0,-4.029621537411595,-1.4938833370297802,2010.0
150,MDV,113.57360620000011,male,0.0,0.0,,,1990.0
151,MDV,106.01086460000002,female,0.0,0.0,,,1990.0
152,MDV,149.44480940000005,male,0.0,0.0,,-2.0654667093863353,2005.0
153,MDV,145.85501909999994,female,0.0,0.0,,-2.0654667093863353,2005.0
154,MDV,159.29406649999999,male,0.0,0.0,,-2.0654667093863353,2010.0
155,MDV,156.65456449999996,female,0.0,0.0,,-2.0654667093863353,2010.0
156,MMR,19516.081630599987,male,0.0,0.0,-1.7010972825713986,-1.5403440617157935,1990.0
157,MMR,19773.146099799997,female,0.0,0.0,-1.7010972825713986,-1.5403440617157935,1990.0
158,MMR,22927.181100200007,male,0.0,0.0,-1.8524611103385484,-1.9753356241834836,2005.0
159,MMR,23476.094102799998,female,0.0,0.0,-1.8524611103385484,-1.9753356241834836,2005.0
160,MMR,23666.90323080001,male,0.0,0.0,-1.9615802122762553,-2.037330813839853,2010.0
161,MMR,24350.326757900002,female,0.0,0.0,-1.9615802122762553,-2.037330813839853,2010.0
162,MUS,530.0158798999998,male,0.0,0.0,-2.0391180001910563,-2.170876780319324,1990.0
163,MUS,532.0751095,female,0.0,0.0,-2.0391180001910563,-2.170876780319324,1990.0
164,MUS,621.6299294000004,male,0.0,0.0,,-4.250428027039955,2005.0
165,MUS,633.8670013000002,female,0.0,0.0,,-4.250428027039955,2005.0
166,MUS,642.4066859000001,male,0.0,0.0,,-4.250428027039955,2010.0
167,MUS,658.1380559,female,0.0,0.0,,-4.250428027039955,2010.0
168,MYS,9217.948853399997,male,0.0,0.0,,-2.252364704213381,1990.0
169,MYS,8946.266766999997,female,0.0,0.0,,-2.252364704213381,1990.0
170,MYS,13205.008425000002,male,0.0,0.0,-2.4874059452084163,-2.4624880845151167,2005.0
171,MYS,12776.539474399993,female,0.0,0.0,-2.4874059452084163,-2.4624880845151167,2005.0
172,MYS,14419.285397599993,male,0.0,0.0,,-2.602321494633807,2010.0
173,MYS,14003.186482799993,female,0.0,0.0,,-2.602321494633807,2010.0
174,PHL,31106.33174090001,male,0.0,0.0,-1.6899620383840406,-1.6013571493578056,1990.0
175,PHL,30446.26395190002,female,0.0,0.0,-1.6899620383840406,-1.6013571493578056,1990.0
176,PHL,42973.291511699994,male,0.0,0.0,-1.923220239715564,-1.9522927238803798,2005.0
177,PHL,42475.81548889997,female,0.0,0.0,-1.923220239715564,-1.9522927238803798,2005.0
178,PHL,46855.76250189999,male,0.0,0.0,-1.9963070755046286,-1.9746222730581895,2010.0
179,PHL,46534.9276172,female,0.0,0.0,-1.9963070755046286,-1.9746222730581895,2010.0
180,SYC,31.633379600000012,male,0.0,0.0,,-1.5531395901562417,1990.0
181,SYC,32.119176700000025,female,0.0,0.0,,-1.5531395901562417,1990.0
182,SYC,36.78525240000001,male,0.0,0.0,,-4.250428027039955,2005.0
183,SYC,37.22308720000002,female,0.0,0.0,,-4.250428027039955,2005.0
184,SYC,38.631179300000014,male,0.0,0.0,,-4.250428027039955,2010.0
185,SYC,38.957440800000015,female,0.0,0.0,,-4.250428027039955,2010.0
186,THA,28363.23611390001,male,0.0,0.0,-4.029621537411595,-2.093950985714937,1990.0
187,THA,28748.130240500006,female,0.0,0.0,-4.029621537411595,-2.093950985714937,1990.0
188,THA,32718.847857700006,male,0.0,0.0,-1.8581073711623646,-2.0331170653323025,2005.0
189,THA,33783.55050200002,female,0.0,0.0,-1.8581073711623646,-2.0331170653323025,2005.0
190,THA,33947.391672900005,male,0.0,0.0,-2.0033059224867964,-2.027974301405764,2010.0
191,THA,35123.170107999984,female,0.0,0.0,-2.0033059224867964,-2.027974301405764,2010.0
192,TLS,389.24087329999975,male,0.0,0.0,,,1990.0
193,TLS,368.74658080000006,female,0.0,0.0,,,1990.0
194,TLS,519.1623041999998,male,0.0,0.0,,-1.355244375306931,2005.0
195,TLS,498.56591930000025,female,0.0,0.0,,-1.355244375306931,2005.0
196,TLS,575.1396876999996,male,0.0,0.0,,-1.7319335844087258,2010.0
197,TLS,553.5684663000002,female,0.0,0.0,,-1.7319335844087258,2010.0
198,VNM,32839.308837100005,male,0.0,0.0,-4.029621537411595,-4.250428027039955,1990.0
199,VNM,34516.75968520001,female,0.0,0.0,-4.029621537411595,-4.250428027039955,1990.0
200,VNM,40997.0082009,male,0.0,0.0,-4.029621537411595,-4.250428027039955,2005.0
201,VNM,42222.251885199985,female,0.0,0.0,-4.029621537411595,-4.250428027039955,2005.0
202,VNM,43414.67931249999,male,0.0,0.0,-4.029621537411595,-4.250428027039955,2010.0
203,VNM,44429.55306100001,female,0.0,0.0,-4.029621537411595,-4.250428027039955,2010.0
204,AUS,8489.5208326,male,0.0,0.0,-4.029621537411595,-4.250428027039955,1990.0
205,AUS,8535.411162199996,female,0.0,0.0,-4.029621537411595,-4.250428027039955,1990.0
206,AUS,10123.766837100002,male,0.0,0.0,-4.029621537411595,-4.250428027039955,2005.0
207,AUS,10262.552895999994,female,0.0,0.0,-4.029621537411595,-4.250428027039955,2005.0
208,AUS,10714.898280200003,male,0.0,0.0,-4.029621537411595,-4.250428027039955,2010.0
209,AUS,10826.481708000001,female,0.0,0.0,-4.029621537411595,-4.250428027039955,2010.0
210,NZL,1671.6858521000001,male,0.0,0.0,,-4.250428027039955,1990.0
211,NZL,1722.8637437,female,0.0,0.0,,-4.250428027039955,1990.0
212,NZL,2025.6405685,male,0.0,0.0,,-4.250428027039955,2005.0
213,NZL,2108.9136617999998,female,0.0,0.0,,-4.250428027039955,2005.0
214,NZL,2144.1369129000013,male,0.0,0.0,,-4.250428027039955,2010.0
215,NZL,2222.8897500999997,female,0.0,0.0,,-4.250428027039955,2010.0
216,ATG,30.38821970000001,male,0.0,0.0,,-4.250428027039955,1990.0
217,ATG,30.748842800000006,female,0.0,0.0,,-4.250428027039955,1990.0
218,ATG,39.69662459999999,male,0.0,0.0,,-4.250428027039955,2005.0
219,ATG,40.28952380000002,female,0.0,0.0,,-4.250428027039955,2005.0
220,ATG,42.322424,male,0.0,0.0,,,2010.0
221,ATG,43.001781199999996,female,0.0,0.0,,,2010.0
222,BHS,127.34762800000003,male,0.0,0.0,,-1.8593580028595103,1990.0
223,BHS,129.11180629999993,female,0.0,0.0,,-1.8593580028595103,1990.0
224,BHS,156.35863059999997,male,0.0,0.0,-4.029621537411595,-2.227944870342849,2005.0
225,BHS,163.80183919999993,female,0.0,0.0,-4.029621537411595,-2.227944870342849,2005.0
226,BHS,167.48004999999998,male,0.0,0.0,,-4.250428027039955,2010.0
227,BHS,175.01806429999996,female,0.0,0.0,,-4.250428027039955,2010.0
228,BLZ,94.65732240000004,male,0.0,0.0,-1.5662711797520006,-1.6520747554101074,1990.0
229,BLZ,96.21509649999996,female,0.0,0.0,-1.5662711797520006,-1.6520747554101074,1990.0
230,BLZ,138.97124259999993,male,0.0,0.0,-4.029621537411595,-4.250428027039955,2005.0
231,BLZ,142.12497410000003,female,0.0,0.0,-4.029621537411595,-4.250428027039955,2005.0
232,BLZ,154.18023970000002,male,0.0,0.0,,-4.250428027039955,2010.0
233,BLZ,157.72733089999986,female,0.0,0.0,,-4.250428027039955,2010.0
234,BRB,124.77616889999996,male,0.0,0.0,,,1990.0
235,BRB,134.7504400000001,female,0.0,0.0,,,1990.0
236,BRB,134.42650179999993,male,0.0,0.0,,-4.250428027039955,2005.0
237,BRB,136.18513989999994,female,0.0,0.0,,-4.250428027039955,2005.0
238,BRB,135.5988325,male,0.0,0.0,,-4.250428027039955,2010.0
239,BRB,137.61587770000003,female,0.0,0.0,,-4.250428027039955,2010.0
240,CUB,5319.0689728,male,0.0,0.0,-4.029621537411595,-4.250428027039955,1990.0
241,CUB,5236.507271399997,female,0.0,0.0,-4.029621537411595,-4.250428027039955,1990.0
242,CUB,5660.963350500004,male,0.0,0.0,-2.4898122903505993,-2.5214971531818833,2005.0
243,CUB,5597.310038399999,female,0.0,0.0,-2.4898122903505993,-2.5214971531818833,2005.0
244,CUB,5674.2297413000015,male,0.0,0.0,-2.522919195738156,-2.639017603683818,2010.0
245,CUB,5607.842941900004,female,0.0,0.0,-2.522919195738156,-2.639017603683818,2010.0
246,DMA,33.659543700000015,male,0.0,0.0,,-1.963606804518764,1990.0
247,DMA,34.05078340000001,female,0.0,0.0,,-1.963606804518764,1990.0
248,DMA,34.19224649999996,male,0.0,0.0,,-4.250428027039955,2005.0
249,DMA,34.74902999999999,female,0.0,0.0,,-4.250428027039955,2005.0
250,DMA,34.489438,male,0.0,0.0,,-4.250428027039955,2010.0
251,DMA,35.0927479,female,0.0,0.0,,-4.250428027039955,2010.0
252,DOM,3638.1678003,male,0.0,0.0,,-2.1968892120509778,1990.0
253,DOM,3571.0103355,female,0.0,0.0,,-2.1968892120509778,1990.0
254,DOM,4658.4028833,male,0.0,0.0,-4.029621537411595,-2.736829655654372,2005.0
255,DOM,4610.793148500002,female,0.0,0.0,-4.029621537411595,-2.736829655654372,2005.0
256,DOM,4978.638407899997,male,0.0,0.0,-4.029621537411595,-2.9954609124761045,2010.0
257,DOM,4944.93366,female,0.0,0.0,-4.029621537411595,-2.9954609124761045,2010.0
258,GRD,47.346161299999984,male,0.0,0.0,,-1.7552253281276295,1990.0
259,GRD,48.5872789,female,0.0,0.0,,-1.7552253281276295,1990.0
260,GRD,51.203883499999975,male,0.0,0.0,-4.029621537411595,-2.044497504214901,2005.0
261,GRD,51.75627409999998,female,0.0,0.0,-4.029621537411595,-2.044497504214901,2005.0
262,GRD,52.27774959999997,male,0.0,0.0,,-4.250428027039955,2010.0
263,GRD,52.327774600000005,female,0.0,0.0,,-4.250428027039955,2010.0
264,GUY,361.2378066999999,male,0.0,0.0,-2.018373103180991,-1.6396956249520984,1990.0
265,GUY,371.25501830000013,female,0.0,0.0,-2.018373103180991,-1.6396956249520984,1990.0
266,GUY,363.7894509000001,male,0.0,0.0,-4.029621537411595,-2.2566116318430383,2005.0
267,GUY,362.12106889999995,female,0.0,0.0,-4.029621537411595,-2.2566116318430383,2005.0
268,GUY,380.67694480000006,male,0.0,0.0,,-1.79731304451998,2010.0
269,GUY,376.92184150000026,female,0.0,0.0,,-1.79731304451998,2010.0
270,HTI,3514.6802684000013,male,0.0,0.0,,-2.5286638435569317,1990.0
271,HTI,3614.9416072999984,female,0.0,0.0,,-2.5286638435569317,1990.0
272,HTI,4640.739771200001,male,0.0,0.0,-1.9444212413604232,-2.075105244358332,2005.0
273,HTI,4720.6569298,female,0.0,0.0,-1.9444212413604232,-2.075105244358332,2005.0
274,HTI,4957.502266800001,male,0.0,0.0,-4.029621537411595,-2.066014164901096,2010.0
275,HTI,5039.711622999999,female,0.0,0.0,-4.029621537411595,-2.066014164901096,2010.0
276,JAM,1169.8807102,male,0.0,0.0,-2.219939896267419,-2.3183413885225557,1990.0
277,JAM,1207.942542799999,female,0.0,0.0,-2.219939896267419,-2.3183413885225557,1990.0
278,JAM,1329.0842403999993,male,0.0,0.0,-4.029621537411595,-1.8951582756126404,2005.0
279,JAM,1367.0252886,female,0.0,0.0,-4.029621537411595,-1.8951582756126404,2005.0
280,JAM,1352.9291693999999,male,0.0,0.0,-4.029621537411595,-2.0092446869765315,2010.0
281,JAM,1396.2651736999997,female,0.0,0.0,-4.029621537411595,-2.0092446869765315,2010.0
282,LCA,68.39187140000001,male,0.0,0.0,,-4.250428027039955,1990.0
283,LCA,71.12952299999999,female,0.0,0.0,,-4.250428027039955,1990.0
284,LCA,80.75267760000001,male,0.0,0.0,,,2005.0
285,LCA,84.76161439999993,female,0.0,0.0,,,2005.0
286,LCA,84.6807086,male,0.0,0.0,-4.029621537411595,-4.250428027039955,2010.0
287,LCA,89.28787609999999,female,0.0,0.0,-4.029621537411595,-4.250428027039955,2010.0
288,SUR,207.01955379999998,male,0.0,0.0,-1.8688336939530121,-1.5727534281896183,1990.0
289,SUR,200.38684519999998,female,0.0,0.0,-1.8688336939530121,-1.5727534281896183,1990.0
290,SUR,249.69583680000002,male,0.0,0.0,,,2005.0
291,SUR,246.60449470000006,female,0.0,0.0,,,2005.0
292,SUR,262.95276440000015,male,0.0,0.0,,-4.250428027039955,2010.0
293,SUR,261.4300829000001,female,0.0,0.0,,-4.250428027039955,2010.0
294,TTO,597.7354186999995,male,0.0,0.0,-1.649006987728839,-2.0562097343185655,1990.0
295,TTO,618.2600805000004,female,0.0,0.0,-1.649006987728839,-2.0562097343185655,1990.0
296,TTO,639.7332661000002,male,0.0,0.0,,-2.308354472768438,2005.0
297,TTO,676.7463143999998,female,0.0,0.0,,-2.308354472768438,2005.0
298,TTO,650.4491822000002,male,0.0,0.0,,-2.3603959257927976,2010.0
299,TTO,691.6781147999999,female,0.0,0.0,,-2.3603959257927976,2010.0
300,VCT,53.313508399999996,male,0.0,0.0,,-1.7461508382314472,1990.0
301,VCT,53.87220059999997,female,0.0,0.0,,-1.7461508382314472,1990.0
302,VCT,55.072670699999996,male,0.0,0.0,,-4.250428027039955,2005.0
303,VCT,53.9959685,female,0.0,0.0,,-4.250428027039955,2005.0
304,VCT,55.24201879999996,male,0.0,0.0,,-4.250428027039955,2010.0
305,VCT,54.169763499999995,female,0.0,0.0,,-4.250428027039955,2010.0
306,ALB,1681.2984574999996,male,0.0,0.0,,-4.250428027039955,1990.0
307,ALB,1599.8353961999999,female,0.0,0.0,,-4.250428027039955,1990.0
308,ALB,1569.7508269999998,male,0.0,0.0,-4.029621537411595,-2.2560475867672243,2005.0
309,ALB,1574.128739299999,female,0.0,0.0,-4.029621537411595,-2.2560475867672243,2005.0
310,ALB,1601.4134204999993,male,0.0,0.0,,-2.309001465649519,2010.0
311,ALB,1598.7973459,female,0.0,0.0,,-2.309001465649519,2010.0
312,BGR,4347.983302900001,male,0.0,0.0,-4.029621537411595,-2.4400589979709872,1990.0
313,BGR,4470.197119000003,female,0.0,0.0,-4.029621537411595,-2.4400589979709872,1990.0
314,BGR,3757.3947399999993,male,0.0,0.0,-4.029621537411595,-4.250428027039955,2005.0
315,BGR,3986.441719900001,female,0.0,0.0,-4.029621537411595,-4.250428027039955,2005.0
316,BGR,3652.1488476999994,male,0.0,0.0,-2.47908596755995,-2.886351369428218,2010.0
317,BGR,3900.1818236999998,female,0.0,0.0,-2.47908596755995,-2.886351369428218,2010.0
318,BIH,2130.5352242,male,0.0,0.0,,,1990.0
319,BIH,2175.5996581999993,female,0.0,0.0,,,1990.0
320,BIH,1819.6530607000009,male,0.0,0.0,-4.029621537411595,-4.250428027039955,2005.0
321,BIH,1963.5012175000004,female,0.0,0.0,-4.029621537411595,-4.250428027039955,2005.0
322,BIH,1807.9981807999995,male,0.0,0.0,-4.029621537411595,-4.250428027039955,2010.0
323,BIH,1953.1612770999993,female,0.0,0.0,-4.029621537411595,-4.250428027039955,2010.0
324,CZE,5005.679636999998,male,0.0,0.0,,-2.5557545967570525,1990.0
325,CZE,5305.383909700002,female,0.0,0.0,,-2.5557545967570525,1990.0
326,CZE,4986.865603599998,male,0.0,0.0,-4.029621537411595,-2.938658255429433,2005.0
327,CZE,5239.715842899999,female,0.0,0.0,-4.029621537411595,-2.938658255429433,2005.0
328,CZE,5143.303156599996,male,0.0,0.0,-4.029621537411595,-2.9875311022926034,2010.0
329,CZE,5334.411258600002,female,0.0,0.0,-4.029621537411595,-2.9875311022926034,2010.0
330,HRV,2184.702843300001,male,0.0,0.0,,,1990.0
331,HRV,2330.2113913999992,female,0.0,0.0,,,1990.0
332,HRV,2139.0673232999998,male,0.0,0.0,-2.1320689792126544,-1.9775420358035785,2005.0
333,HRV,2304.0682236,female,0.0,0.0,-2.1320689792126544,-1.9775420358035785,2005.0
334,HRV,2119.0165088000012,male,0.0,0.0,-2.167157580599656,-2.2686058844846104,2010.0
335,HRV,2282.8407333,female,0.0,0.0,-2.167157580599656,-2.2686058844846104,2010.0
336,HUN,4988.029656900003,male,0.0,0.0,-2.5370741671627646,-2.725515575015987,1990.0
337,HUN,5396.026132899997,female,0.0,0.0,-2.5370741671627646,-2.725515575015987,1990.0
338,HUN,4787.336793699998,male,0.0,0.0,-2.326369553634448,-2.6283339263654604,2005.0
339,HUN,5296.388901099999,female,0.0,0.0,-2.326369553634448,-2.6283339263654604,2005.0
340,HUN,4744.332757,male,0.0,0.0,-4.029621537411595,-2.538650759311048,2010.0
341,HUN,5244.3047144,female,0.0,0.0,-4.029621537411595,-2.538650759311048,2010.0
342,MKD,959.1361510000003,male,0.0,0.0,,,1990.0
343,MKD,950.5724861000001,female,0.0,0.0,,,1990.0
344,MKD,1021.8208432000001,male,0.0,0.0,-4.029621537411595,-1.825365992261195,2005.0
345,MKD,1017.6422182000002,female,0.0,0.0,-4.029621537411595,-1.825365992261195,2005.0
346,MKD,1032.2450511,male,0.0,0.0,,-1.8971158438169353,2010.0
347,MKD,1028.5691220000003,female,0.0,0.0,,-1.8971158438169353,2010.0
348,MNE,290.45008179999996,male,0.0,0.0,,,1990.0
349,MNE,294.08454399999994,female,0.0,0.0,,,1990.0
350,MNE,307.7972328999999,male,0.0,0.0,,-2.1655681207822512,2005.0
351,MNE,319.5960965999999,female,0.0,0.0,,-2.1655681207822512,2005.0
352,MNE,309.9442513,male,0.0,0.0,,-2.1918293959297044,2010.0
353,MNE,321.71548399999995,female,0.0,0.0,,-2.1918293959297044,2010.0
354,POL,18598.267444900008,male,0.0,0.0,-2.3489388691836868,-2.451057876949358,1990.0
355,POL,19558.092166100014,female,0.0,0.0,-2.3489388691836868,-2.451057876949358,1990.0
356,POL,18476.492584999993,male,0.0,0.0,-2.543270899097538,-2.7188797505946454,2005.0
357,POL,19714.69801100001,female,0.0,0.0,-2.543270899097538,-2.7188797505946454,2005.0
358,POL,18411.878483099998,male,0.0,0.0,-2.6314091878347683,-2.688371547817535,2010.0
359,POL,19732.424315000007,female,0.0,0.0,-2.6314091878347683,-2.688371547817535,2010.0
360,ROU,11401.982921199995,male,0.0,0.0,-2.146318317113427,-2.043651436601179,1990.0
361,ROU,11702.307041900005,female,0.0,0.0,-2.146318317113427,-2.043651436601179,1990.0
362,ROU,10606.434227000002,male,0.0,0.0,-2.5430664383991823,-2.314741453773978,2005.0
363,ROU,11179.183173600002,female,0.0,0.0,-2.5430664383991823,-2.314741453773978,2005.0
364,ROU,10431.214823500002,male,0.0,0.0,-2.637244181610913,-2.6884379060617487,2010.0
365,ROU,11059.880828300003,female,0.0,0.0,-2.637244181610913,-2.6884379060617487,2010.0
366,SRB,4761.938921199999,male,0.0,0.0,,,1990.0
367,SRB,4821.5177757,female,0.0,0.0,,,1990.0
368,SRB,4881.000518200005,male,0.0,0.0,-2.2798154253935135,-1.6566883123390452,2005.0
369,SRB,4988.009830899999,female,0.0,0.0,-2.2798154253935135,-1.6566883123390452,2005.0
370,SRB,4881.6051083,male,0.0,0.0,-2.302557746149052,-2.280699674492504,2010.0
371,SRB,4981.8737598,female,0.0,0.0,-2.302557746149052,-2.280699674492504,2010.0
372,SVK,2577.1090582999977,male,0.0,0.0,,,1990.0
373,SVK,2698.6690925999983,female,0.0,0.0,,,1990.0
374,SVK,2615.3828250999995,male,0.0,0.0,-4.029621537411595,-2.8581988843206836,2005.0
375,SVK,2773.905207499999,female,0.0,0.0,-4.029621537411595,-2.8581988843206836,2005.0
376,SVK,2631.7317601999985,male,0.0,0.0,-4.029621537411595,-2.7038661978413647,2010.0
377,SVK,2785.2121939999993,female,0.0,0.0,-4.029621537411595,-2.7038661978413647,2010.0
378,SVN,966.2438111999999,male,0.0,0.0,,-2.391667248378363,1990.0
379,SVN,1026.0027711999994,female,0.0,0.0,,-2.391667248378363,1990.0
380,SVN,979.0545317,male,0.0,0.0,,-2.4838554391518315,2005.0
381,SVN,1021.1342414,female,0.0,0.0,,-2.4838554391518315,2005.0
382,SVN,1007.6510933000003,male,0.0,0.0,,-4.250428027039955,2010.0
383,SVN,1029.1066341999997,female,0.0,0.0,,-4.250428027039955,2010.0
384,BLR,4767.5504363,male,0.0,0.0,-1.9851718313172686,-2.1642409558979825,1990.0
385,BLR,5396.2225468,female,0.0,0.0,-1.9851718313172686,-2.1642409558979825,1990.0
386,BLR,4576.479980100003,male,0.0,0.0,,-1.8360164904574456,2005.0
387,BLR,5213.332895399999,female,0.0,0.0,,-1.8360164904574456,2005.0
388,BLR,4473.3368948,male,0.0,0.0,,-1.830210144088773,2010.0
389,BLR,5133.204454199999,female,0.0,0.0,,-1.830210144088773,2010.0
390,EST,731.0651067000003,male,0.0,0.0,-2.1407192395276917,-2.28078262229777,1990.0
391,EST,831.982449,female,0.0,0.0,-2.1407192395276917,-2.28078262229777,1990.0
392,EST,620.3370318999996,male,0.0,0.0,,,2005.0
393,EST,726.7343138000001,female,0.0,0.0,,,2005.0
394,EST,617.2595545000001,male,0.0,0.0,-2.199399459955708,-2.2054826046766127,2010.0
395,EST,722.6876510000001,female,0.0,0.0,-2.199399459955708,-2.2054826046766127,2010.0
396,LTU,1744.7374347000004,male,0.0,0.0,-1.9437921315193303,-2.094033933520205,1990.0
397,LTU,1942.0818643000002,female,0.0,0.0,-1.9437921315193303,-2.094033933520205,1990.0
398,LTU,1595.527470499999,male,0.0,0.0,,-2.6090734459825207,2005.0
399,LTU,1824.7198434000006,female,0.0,0.0,,-2.6090734459825207,2005.0
400,LTU,1551.8293374999998,male,0.0,0.0,-4.029621537411595,-2.5320481140118143,2010.0
401,LTU,1785.1547220000004,female,0.0,0.0,-4.029621537411595,-2.5320481140118143,2010.0
402,LVA,1230.981859,male,0.0,0.0,-1.8354908723750454,-2.035505962123985,1990.0
403,LVA,1418.4803548,female,0.0,0.0,-1.8354908723750454,-2.035505962123985,1990.0
404,LVA,1059.6371414000005,male,0.0,0.0,,-2.5406912753206106,2005.0
405,LVA,1240.2470742999997,female,0.0,0.0,,-2.5406912753206106,2005.0
406,LVA,1038.2697809000003,male,0.0,0.0,,-2.3470745082669575,2010.0
407,LVA,1211.0383748,female,0.0,0.0,,-2.3470745082669575,2010.0
408,MDA,2081.6930177999993,male,0.0,0.0,-1.8730172743962854,-2.0814590462417644,1990.0
409,MDA,2283.8747993000015,female,0.0,0.0,-1.8730172743962854,-2.0814590462417644,1990.0
410,MDA,1811.2541133,male,0.0,0.0,,-2.628897971441275,2005.0
411,MDA,1993.1668185,female,0.0,0.0,,-2.628897971441275,2005.0
412,MDA,1697.9678166000008,male,0.0,0.0,-4.029621537411595,-4.250428027039955,2010.0
413,MDA,1880.2696216000004,female,0.0,0.0,-4.029621537411595,-4.250428027039955,2010.0
414,RUS,69073.1422306,male,0.0,0.0,-1.8252049264731625,-1.976563251701431,1990.0
415,RUS,78442.17402100001,female,0.0,0.0,-1.8252049264731625,-1.976563251701431,1990.0
416,RUS,66405.21086449995,male,0.0,0.0,-1.9306280080944427,-1.8183486079356288,2005.0
417,RUS,76772.44298799997,female,0.0,0.0,-1.9306280080944427,-1.8183486079356288,2005.0
418,RUS,65344.42281209999,male,0.0,0.0,-1.9822779260482384,-2.042274503033751,2010.0
419,RUS,76049.33767200002,female,0.0,0.0,-1.9822779260482384,-2.042274503033751,2010.0
420,UKR,23832.618518000003,male,0.0,0.0,-1.8899875123597885,-2.040698494733683,1990.0
421,UKR,27708.086943000002,female,0.0,0.0,-1.8899875123597885,-2.040698494733683,1990.0
422,UKR,21687.209329299996,male,0.0,0.0,,-1.8140021429396498,2005.0
423,UKR,25282.836482,female,0.0,0.0,,-1.8140021429396498,2005.0
424,UKR,21011.845383900003,male,0.0,0.0,-4.029621537411595,-1.9052447287330776,2010.0
425,UKR,24619.562194,female,0.0,0.0,-4.029621537411595,-1.9052447287330776,2010.0
426,AND,25.502549999999996,male,0.0,0.0,,,1990.0
427,AND,26.897986499999995,female,0.0,0.0,,,1990.0
428,AND,36.72174860000002,male,0.0,0.0,,,2005.0
429,AND,38.36052160000001,female,0.0,0.0,,,2005.0
430,AND,40.95439539999999,male,0.0,0.0,,,2010.0
431,AND,42.5630528,female,0.0,0.0,,,2010.0
432,AUT,3670.2868610000005,male,0.0,0.0,-4.029621537411595,-2.7699755986389656,1990.0
433,AUT,3998.699499000002,female,0.0,0.0,-4.029621537411595,-2.7699755986389656,1990.0
434,AUT,3997.7799469999995,male,0.0,0.0,-4.029621537411595,-4.250428027039955,2005.0
435,AUT,4228.472641900001,female,0.0,0.0,-4.029621537411595,-4.250428027039955,2005.0
436,AUT,4066.293551800001,male,0.0,0.0,-2.4786770461632397,-2.8799146197395196,2010.0
437,AUT,4276.4176063,female,0.0,0.0,-2.4786770461632397,-2.8799146197395196,2010.0
438,BEL,4856.817204699999,male,0.0,0.0,-2.0034946554391233,-2.2945519579720512,1990.0
439,BEL,5082.453950699999,female,0.0,0.0,-2.0034946554391233,-2.2945519579720512,1990.0
440,BEL,5125.232600099999,male,0.0,0.0,-2.2882769527562243,-2.5342877047540173,2005.0
441,BEL,5348.281096200002,female,0.0,0.0,-2.2882769527562243,-2.5342877047540173,2005.0
442,BEL,5291.4723853000005,male,0.0,0.0,-4.029621537411595,-2.5999160082810717,2010.0
443,BEL,5504.086683000003,female,0.0,0.0,-4.029621537411595,-2.5999160082810717,2010.0
444,CHE,3276.5071006999997,male,0.0,0.0,-4.029621537411595,-4.250428027039955,1990.0
445,CHE,3435.839017,female,0.0,0.0,-4.029621537411595,-4.250428027039955,1990.0
446,CHE,3642.0042390999997,male,0.0,0.0,-4.029621537411595,-4.250428027039955,2005.0
447,CHE,3799.1386799000015,female,0.0,0.0,-4.029621537411595,-4.250428027039955,2005.0
448,CHE,3731.191370400001,male,0.0,0.0,,-4.250428027039955,2010.0
449,CHE,3866.379656000002,female,0.0,0.0,,-4.250428027039955,2010.0
450,CYP,317.8578725000001,male,0.0,0.0,,,1990.0
451,CYP,326.08491889999993,female,0.0,0.0,,,1990.0
452,CYP,364.3843671000005,male,0.0,0.0,,,2005.0
453,CYP,374.78931260000013,female,0.0,0.0,,,2005.0
454,CYP,374.01980999999995,male,0.0,0.0,,-2.2503407777648716,2010.0
455,CYP,384.6014814000002,female,0.0,0.0,,-2.2503407777648716,2010.0
456,DEU,38029.59132300001,male,0.0,0.0,-2.199887020082557,-2.377317278067215,1990.0
457,DEU,40939.786403,female,0.0,0.0,-2.199887020082557,-2.377317278067215,1990.0
458,DEU,40396.458339999976,male,0.0,0.0,-2.4050082837711635,-2.5506947806357805,2005.0
459,DEU,42181.89008100003,female,0.0,0.0,-2.4050082837711635,-2.5506947806357805,2005.0
460,DEU,40341.099811,male,0.0,0.0,-2.3611750555929607,-2.5357144070046056,2010.0
461,DEU,41951.93919999999,female,0.0,0.0,-2.3611750555929607,-2.5357144070046056,2010.0
462,DNK,2531.2308484999994,male,0.0,0.0,-4.029621537411595,-4.250428027039955,1990.0
463,DNK,2605.6963592000006,female,0.0,0.0,-4.029621537411595,-4.250428027039955,1990.0
464,DNK,2680.5245291,male,0.0,0.0,-2.327706412046775,-2.508822728537124,2005.0
465,DNK,2735.8876313000014,female,0.0,0.0,-2.327706412046775,-2.508822728537124,2005.0
466,DNK,2733.817138600001,male,0.0,0.0,,-2.5022034936768383,2010.0
467,DNK,2776.5813759000002,female,0.0,0.0,,-2.5022034936768383,2010.0
468,ESP,19057.590389799996,male,0.0,0.0,-4.029621537411595,-2.488815717906783,1990.0
469,ESP,19857.317459,female,0.0,0.0,-4.029621537411595,-2.488815717906783,1990.0
470,ESP,21332.388594,male,0.0,0.0,-2.4180465852278323,-2.3344332627443043,2005.0
471,ESP,21993.642863999994,female,0.0,0.0,-2.4180465852278323,-2.3344332627443043,2005.0
472,ESP,21964.404744000003,male,0.0,0.0,-2.4319656404620305,-2.3485841583228133,2010.0
473,ESP,22593.859272000012,female,0.0,0.0,-2.4319656404620305,-2.3485841583228133,2010.0
474,FIN,2421.5237950999986,male,0.0,0.0,-2.202419187192959,-2.352847675513525,1990.0
475,FIN,2568.7592179999992,female,0.0,0.0,-2.202419187192959,-2.352847675513525,1990.0
476,FIN,2567.997917799998,male,0.0,0.0,-2.2578594919393433,-2.4047895911715638,2005.0
477,FIN,2679.6186669999997,female,0.0,0.0,-2.2578594919393433,-2.4047895911715638,2005.0
478,FIN,2623.6003021,male,0.0,0.0,-2.4184869621165976,-2.418475979040579,2010.0
479,FIN,2724.711373799999,female,0.0,0.0,-2.4184869621165976,-2.418475979040579,2010.0
480,FRA,27606.894548399992,male,0.0,0.0,-2.53147508957703,-2.4341033455528356,1990.0
481,FRA,29111.277198999993,female,0.0,0.0,-2.53147508957703,-2.4341033455528356,1990.0
482,FRA,29643.57714100001,male,0.0,0.0,-2.3070716092588994,-2.464478831841519,2005.0
483,FRA,31353.208371999994,female,0.0,0.0,-2.3070716092588994,-2.464478831841519,2005.0
484,FRA,30529.32564599999,male,0.0,0.0,-4.029621537411595,-2.4284794843557482,2010.0
485,FRA,32219.390910000002,female,0.0,0.0,-4.029621537411595,-2.4284794843557482,2010.0
486,GBR,27809.020156800012,male,0.0,0.0,-2.229172083185469,-2.240337272449702,1990.0
487,GBR,29410.525214999994,female,0.0,0.0,-2.229172083185469,-2.240337272449702,1990.0
488,GBR,29479.533905,male,0.0,0.0,-2.411755486816895,-2.3684584524647265,2005.0
489,GBR,30723.67105899998,female,0.0,0.0,-2.411755486816895,-2.3684584524647265,2005.0
490,GBR,30457.11332000002,male,0.0,0.0,-2.3801427173019354,-2.5072467202370574,2010.0
491,GBR,31464.457282000018,female,0.0,0.0,-2.3801427173019354,-2.5072467202370574,2010.0
492,GRC,5004.081949999998,male,0.0,0.0,-2.47908596755995,-2.293739069480437,1990.0
493,GRC,5149.9553138,female,0.0,0.0,-2.47908596755995,-2.293739069480437,1990.0
494,GRC,5524.3185345,male,0.0,0.0,,-2.7727294657738217,2005.0
495,GRC,5661.583099799997,female,0.0,0.0,,-2.7727294657738217,2005.0
496,GRC,5613.8871403,male,0.0,0.0,-4.029621537411595,-2.3965445793280487,2010.0
497,GRC,5734.209161099998,female,0.0,0.0,-4.029621537411595,-2.3965445793280487,2010.0
498,IRL,1755.1105204000005,male,0.0,0.0,-4.029621537411595,-2.7208041396768365,1990.0
499,IRL,1770.8065596999998,female,0.0,0.0,-4.029621537411595,-2.7208041396768365,1990.0
500,IRL,2081.8715946,male,0.0,0.0,,-2.731736660410992,2005.0
501,IRL,2086.3339702000007,female,0.0,0.0,,-2.731736660410992,2005.0
502,IRL,2237.2108467,male,0.0,0.0,,-2.316566305489847,2010.0
503,IRL,2260.3970911,female,0.0,0.0,,-2.316566305489847,2010.0
504,ISL,127.962877,male,0.0,0.0,,-4.250428027039955,1990.0
505,ISL,127.01492119999999,female,0.0,0.0,,-4.250428027039955,1990.0
506,ISL,149.15707070000005,male,0.0,0.0,,,2005.0
507,ISL,147.4535498999999,female,0.0,0.0,,,2005.0
508,ISL,163.4152572,male,0.0,0.0,,,2010.0
509,ISL,158.17042590000008,female,0.0,0.0,,,2010.0
510,ISR,2327.853881200001,male,0.0,0.0,-1.7451349714479594,-1.632582021172422,1990.0
511,ISR,2351.2367807999985,female,0.0,0.0,-1.7451349714479594,-1.632582021172422,1990.0
512,ISR,3427.1304069000007,male,0.0,0.0,-1.6643887233435803,-1.6768230625894958,2005.0
513,ISR,3513.7876582000004,female,0.0,0.0,-1.6643887233435803,-1.6768230625894958,2005.0
514,ISR,3742.284991200002,male,0.0,0.0,-1.972699728717586,-1.5778115853547854,2010.0
515,ISR,3819.4610646000015,female,0.0,0.0,-1.972699728717586,-1.5778115853547854,2010.0
516,ITA,27584.97705250001,male,0.0,0.0,-2.7856983763630034,-2.6854683746331998,1990.0
517,ITA,29269.95410000001,female,0.0,0.0,-2.7856983763630034,-2.6854683746331998,1990.0
518,ITA,28414.12264100001,male,0.0,0.0,,-2.716756286779819,2005.0
519,ITA,30110.186952999997,female,0.0,0.0,,-2.716756286779819,2005.0
520,ITA,29045.33649,male,0.0,0.0,-4.029621537411595,-2.485813007356126,2010.0
521,ITA,30725.04844000001,female,0.0,0.0,-4.029621537411595,-2.485813007356126,2010.0
522,LUX,186.48271509999998,male,0.0,0.0,,-2.112315629800997,1990.0
523,LUX,193.96277720000003,female,0.0,0.0,,-2.112315629800997,1990.0
524,LUX,225.13334479999992,male,0.0,0.0,,,2005.0
525,LUX,230.87805239999997,female,0.0,0.0,,,2005.0
526,LUX,247.88070219999992,male,0.0,0.0,,,2010.0
527,LUX,250.94439119999993,female,0.0,0.0,,,2010.0
528,MLT,181.46953889999998,male,0.0,0.0,,-1.9933021188042612,1990.0
529,MLT,186.2394333,female,0.0,0.0,,-1.9933021188042612,1990.0
530,MLT,203.07488719999998,male,0.0,0.0,,,2005.0
531,MLT,206.4514107,female,0.0,0.0,,,2005.0
532,MLT,206.4688578,male,0.0,0.0,,,2010.0
533,MLT,209.69588399999995,female,0.0,0.0,,,2010.0
534,NLD,7381.674544900001,male,0.0,0.0,-4.029621537411595,-2.707134341368875,1990.0
535,NLD,7549.187189000001,female,0.0,0.0,-4.029621537411595,-2.707134341368875,1990.0
536,NLD,8064.606658100001,male,0.0,0.0,-2.4297794837642313,-2.571464911074574,2005.0
537,NLD,8236.876980000003,female,0.0,0.0,-2.4297794837642313,-2.571464911074574,2005.0
538,NLD,8204.811020300001,male,0.0,0.0,-2.3378036249963285,-2.475726554235692,2010.0
539,NLD,8362.658102000003,female,0.0,0.0,-2.3378036249963285,-2.475726554235692,2010.0
540,NOR,2094.7809956000006,male,0.0,0.0,,-2.473686038226128,1990.0
541,NOR,2141.480695100001,female,0.0,0.0,,-2.473686038226128,1990.0
542,NOR,2292.3729085,male,0.0,0.0,-2.3541919363568193,-2.4670833929268947,2005.0
543,NOR,2328.5192239000007,female,0.0,0.0,-2.3541919363568193,-2.4670833929268947,2005.0
544,NOR,2419.024645899999,male,0.0,0.0,-2.1359222769893527,-2.380983571060008,2010.0
545,NOR,2423.6517449999997,female,0.0,0.0,-2.1359222769893527,-2.380983571060008,2010.0
546,PRT,4795.652284999997,male,0.0,0.0,,-2.3711791404774774,1990.0
547,PRT,5157.480085899999,female,0.0,0.0,,-2.3711791404774774,1990.0
548,PRT,5105.845495000006,male,0.0,0.0,-4.029621537411595,-2.738322716149174,2005.0
549,PRT,5447.130730899999,female,0.0,0.0,-4.029621537411595,-2.738322716149174,2005.0
550,PRT,5145.310935399998,male,0.0,0.0,-2.442676235506652,-2.682548611887809,2010.0
551,PRT,5485.732942699997,female,0.0,0.0,-2.442676235506652,-2.682548611887809,2010.0
552,SWE,4223.619900299999,male,0.0,0.0,,-2.655988724641395,1990.0
553,SWE,4325.737232999999,female,0.0,0.0,,-2.655988724641395,1990.0
554,SWE,4471.318616000001,male,0.0,0.0,-2.3486400420091678,-2.530073956246466,2005.0
555,SWE,4547.281043300002,female,0.0,0.0,-2.3486400420091678,-2.530073956246466,2005.0
556,SWE,4610.838125099997,male,0.0,0.0,-2.3461078748987645,-2.5458174496860964,2010.0
557,SWE,4652.454976000001,female,0.0,0.0,-2.3461078748987645,-2.5458174496860964,2010.0
558,BOL,3308.2368641999997,male,0.0,0.0,,-4.250428027039955,1990.0
559,BOL,3367.636891699998,female,0.0,0.0,,-4.250428027039955,1990.0
560,BOL,4555.420243399999,male,0.0,0.0,,-2.3376516375886554,2005.0
561,BOL,4599.0369544,female,0.0,0.0,,-2.3376516375886554,2005.0
562,BOL,4959.999940300005,male,0.0,0.0,-4.029621537411595,-4.250428027039955,2010.0
563,BOL,4983.7360078,female,0.0,0.0,-4.029621537411595,-4.250428027039955,2010.0
564,ECU,5175.8724041,male,0.0,0.0,-2.1610552151410465,-2.3026808428881926,1990.0
565,ECU,5114.3106467000025,female,0.0,0.0,-2.1610552151410465,-2.3026808428881926,1990.0
566,ECU,6735.502093000002,male,0.0,0.0,-2.563402414012537,-2.469687954012271,2005.0
567,ECU,6692.176476900003,female,0.0,0.0,-2.563402414012537,-2.469687954012271,2005.0
568,ECU,7248.670416899998,male,0.0,0.0,-2.5287227340222462,-2.4173976575721103,2010.0
569,ECU,7221.142753199998,female,0.0,0.0,-2.5287227340222462,-2.4173976575721103,2010.0
570,PER,10902.314697100002,male,0.0,0.0,-1.5493056601123045,-1.6215997317551036,1990.0
571,PER,10812.011343300006,female,0.0,0.0,-1.5493056601123045,-1.6215997317551036,1990.0
572,PER,13841.985155000004,male,0.0,0.0,-2.2687430921902636,-2.2458615962804673,2005.0
573,PER,13760.751224099997,female,0.0,0.0,-2.2687430921902636,-2.2458615962804673,2005.0
574,PER,14587.067732999998,male,0.0,0.0,-2.1789533901201628,-2.3189552022815287,2010.0
575,PER,14517.328298799997,female,0.0,0.0,-2.1789533901201628,-2.3189552022815287,2010.0
576,COL,16501.170219799995,male,0.0,0.0,-1.7075299306965814,-1.866275849818757,1990.0
577,COL,16765.481569999996,female,0.0,0.0,-1.7075299306965814,-1.866275849818757,1990.0
578,COL,21213.21699289999,male,0.0,0.0,-1.5921983690780759,-1.6994346343052127,2005.0
579,COL,21848.566251600005,female,0.0,0.0,-1.5921983690780759,-1.6994346343052127,2005.0
580,COL,22775.819402499994,male,0.0,0.0,-1.8127485516195074,-1.7693098654619246,2010.0
581,COL,23515.723565899996,female,0.0,0.0,-1.8127485516195074,-1.7693098654619246,2010.0
582,CRI,1558.0676541000007,male,0.0,0.0,-2.058195756122223,-2.2375502261927385,1990.0
583,CRI,1506.2959349000002,female,0.0,0.0,-2.058195756122223,-2.2375502261927385,1990.0
584,CRI,2187.5073151999977,male,0.0,0.0,-4.029621537411595,-2.58574852314151,2005.0
585,CRI,2118.7528156999992,female,0.0,0.0,-4.029621537411595,-2.58574852314151,2005.0
586,CRI,2366.6929500000006,male,0.0,0.0,-4.029621537411595,-4.250428027039955,2010.0
587,CRI,2295.1073978000013,female,0.0,0.0,-4.029621537411595,-4.250428027039955,2010.0
588,GTM,4522.146633300001,male,0.0,0.0,-1.4945369301212879,-1.3449970034442769,1990.0
589,GTM,4454.622240100003,female,0.0,0.0,-1.4945369301212879,-1.3449970034442769,1990.0
590,GTM,6217.7576679,male,0.0,0.0,-1.9456794610426114,-2.068004912227498,2005.0
591,GTM,6517.758201399997,female,0.0,0.0,-1.9456794610426114,-2.068004912227498,2005.0
592,GTM,7031.651837100001,male,0.0,0.0,-4.029621537411595,-2.2220555761689083,2010.0
593,GTM,7388.274341899998,female,0.0,0.0,-4.029621537411595,-2.2220555761689083,2010.0
594,HND,2460.5726287999996,male,0.0,0.0,-2.1927938066242256,-2.4863936419929944,1990.0
595,HND,2446.2433380999996,female,0.0,0.0,-2.1927938066242256,-2.4863936419929944,1990.0
596,HND,3440.203785100001,male,0.0,0.0,-4.029621537411595,-2.391136382424657,2005.0
597,HND,3456.3133040999983,female,0.0,0.0,-4.029621537411595,-2.391136382424657,2005.0
598,HND,3806.9087076999986,male,0.0,0.0,-1.880094760108591,-2.2754905523217506,2010.0
599,HND,3809.0207837999997,female,0.0,0.0,-1.880094760108591,-2.2754905523217506,2010.0
600,MEX,41870.844881599995,male,0.0,0.0,-2.5106987370749114,-2.0155653097378567,1990.0
601,MEX,42507.49484669998,female,0.0,0.0,-2.5106987370749114,-2.0155653097378567,1990.0
602,MEX,52592.96700999999,male,0.0,0.0,-4.029621537411595,-2.546563979933497,2005.0
603,MEX,53921.67572800001,female,0.0,0.0,-4.029621537411595,-2.546563979933497,2005.0
604,MEX,55960.27321300002,male,0.0,0.0,-4.029621537411595,-4.250428027039955,2010.0
605,MEX,57506.78268999999,female,0.0,0.0,-4.029621537411595,-4.250428027039955,2010.0
606,NIC,2065.188596300001,male,0.0,0.0,-1.8084548769540432,-1.184854652684074,1990.0
607,NIC,2074.0744234000003,female,0.0,0.0,-1.8084548769540432,-1.184854652684074,1990.0
608,NIC,2696.923408899999,male,0.0,0.0,-4.029621537411595,-2.5324794425992017,2005.0
609,NIC,2734.5846069000017,female,0.0,0.0,-4.029621537411595,-2.5324794425992017,2005.0
610,NIC,2861.4441319000007,male,0.0,0.0,-2.429622206303957,-2.774388421879158,2010.0
611,NIC,2922.5179163000007,female,0.0,0.0,-2.429622206303957,-2.774388421879158,2010.0
612,PAN,1222.9491349999998,male,0.0,0.0,,-1.8081128487657114,1990.0
613,PAN,1194.6422596999998,female,0.0,0.0,,-1.8081128487657114,1990.0
614,PAN,1633.0439419,male,0.0,0.0,-2.349033235659851,-2.4455833218017524,2005.0
615,PAN,1605.9823305999985,female,0.0,0.0,-2.349033235659851,-2.4455833218017524,2005.0
616,PAN,1772.4731986999993,male,0.0,0.0,-4.029621537411595,-2.8244888962602763,2010.0
617,PAN,1745.2603558999997,female,0.0,0.0,-4.029621537411595,-2.8244888962602763,2010.0
618,SLV,2603.4172848000003,male,0.0,0.0,-1.3941891921430316,-1.1622347861878315,1990.0
619,SLV,2749.9593036,female,0.0,0.0,-1.3941891921430316,-1.1622347861878315,1990.0
620,SLV,2901.258689300002,male,0.0,0.0,-2.1460037621928794,-2.233369656807295,2005.0
621,SLV,3168.7963009000005,female,0.0,0.0,-2.1460037621928794,-2.233369656807295,2005.0
622,SLV,2944.4004322000005,male,0.0,0.0,-4.029621537411595,-2.3120705344443886,2010.0
623,SLV,3253.524337900001,female,0.0,0.0,-4.029621537411595,-2.3120705344443886,2010.0
624,VEN,9923.648517000009,male,0.0,0.0,-2.140703511781664,-2.2164151254107702,1990.0
625,VEN,9752.056509599994,female,0.0,0.0,-2.140703511781664,-2.2164151254107702,1990.0
626,VEN,13403.8458492,male,0.0,0.0,-4.029621537411595,-2.6519408717443778,2005.0
627,VEN,13269.112111799997,female,0.0,0.0,-4.029621537411595,-2.6519408717443778,2005.0
628,VEN,14546.926932399994,male,0.0,0.0,-4.029621537411595,-2.8038514823099066,2010.0
629,VEN,14441.818505199997,female,0.0,0.0,-4.029621537411595,-2.8038514823099066,2010.0
630,ARG,16016.8339095,male,0.0,0.0,-1.9392939961555093,-1.913290665843952,1990.0
631,ARG,16622.417261199997,female,0.0,0.0,-1.9392939961555093,-1.913290665843952,1990.0
632,ARG,18946.966814100004,male,0.0,0.0,-2.4540788513764755,-2.4285624321610135,2005.0
633,ARG,19777.214550999983,female,0.0,0.0,-2.4540788513764755,-2.4285624321610135,2005.0
634,ARG,19775.186547899993,male,0.0,0.0,-2.4476619309973198,-2.596548327387241,2010.0
635,ARG,20650.908676999992,female,0.0,0.0,-2.4476619309973198,-2.596548327387241,2010.0
636,CHL,6512.143826200001,male,0.0,0.0,-2.147765269747942,-1.7556898358371238,1990.0
637,CHL,6673.804552999996,female,0.0,0.0,-2.147765269747942,-1.7556898358371238,1990.0
638,CHL,7736.1298091,male,0.0,0.0,-2.35744757978448,-2.4723256942197525,2005.0
639,CHL,7963.819795699999,female,0.0,0.0,-2.35744757978448,-2.4723256942197525,2005.0
640,CHL,8080.784352999997,male,0.0,0.0,-4.029621537411595,-2.5929152135165565,2010.0
641,CHL,8312.961115,female,0.0,0.0,-4.029621537411595,-2.5929152135165565,2010.0
642,URY,1508.5631719000005,male,0.0,0.0,-2.023531803877958,-2.1516328894974364,1990.0
643,URY,1601.5799759999995,female,0.0,0.0,-2.023531803877958,-2.1516328894974364,1990.0
644,URY,1606.6097919,male,0.0,0.0,-4.029621537411595,-2.3629341286339614,2005.0
645,URY,1721.5295179999994,female,0.0,0.0,-4.029621537411595,-2.3629341286339614,2005.0
646,URY,1627.7999071000004,male,0.0,0.0,,-2.4767551070209977,2010.0
647,URY,1744.6952988999994,female,0.0,0.0,,-2.4767551070209977,2010.0
648,BRA,74391.7221906,male,0.0,0.0,-4.029621537411595,-4.250428027039955,1990.0
649,BRA,75355.94262199999,female,0.0,0.0,-4.029621537411595,-4.250428027039955,1990.0
650,BRA,91665.40909200005,male,0.0,0.0,-2.440033974174058,-2.5885023902763655,2005.0
651,BRA,94187.97138800002,female,0.0,0.0,-2.440033974174058,-2.5885023902763655,2005.0
652,BRA,96099.32118600007,male,0.0,0.0,-2.4275461438283474,-2.567101856517544,2010.0
653,BRA,99151.684538,female,0.0,0.0,-2.4275461438283474,-2.567101856517544,2010.0
654,PRY,2150.4981643999986,male,0.0,0.0,-2.193045450560663,-2.2809651074693567,1990.0
655,PRY,2103.9234270000006,female,0.0,0.0,-2.193045450560663,-2.2809651074693567,1990.0
656,PRY,2986.2871705999996,male,0.0,0.0,,-4.250428027039955,2005.0
657,PRY,2919.2969450999994,female,0.0,0.0,,-4.250428027039955,2005.0
658,PRY,3264.5022613,male,0.0,0.0,,-4.250428027039955,2010.0
659,PRY,3204.097379699998,female,0.0,0.0,,-4.250428027039955,2010.0
660,AFG,6995.889974300003,male,0.0,0.0,-1.4309244885390973,-0.9629908400248828,1990.0
661,AFG,6504.390163100001,female,0.0,0.0,-1.4309244885390973,-0.9629908400248828,1990.0
662,AFG,14425.5747762,male,0.0,0.0,-1.5608639806678004,-1.480377775376248,2005.0
663,AFG,13457.129740000004,female,0.0,0.0,-1.5608639806678004,-1.480377775376248,2005.0
664,AFG,16512.7635084,male,0.0,0.0,-1.3323634225095458,-1.507128442574775,2010.0
665,AFG,15419.354987299997,female,0.0,0.0,-1.3323634225095458,-1.507128442574775,2010.0
666,ARE,1181.2063914999999,male,0.0,0.0,,,1990.0
667,ARE,620.4644672,female,0.0,0.0,,,1990.0
668,ARE,2787.6229499000015,male,0.0,0.0,,,2005.0
669,ARE,1288.7732761,female,0.0,0.0,,,2005.0
670,ARE,5212.8077592,male,0.0,0.0,,,2010.0
671,ARE,2278.414986700001,female,0.0,0.0,,,2010.0
672,BHR,286.35777780000006,male,0.0,0.0,,-1.9167910632262095,1990.0
673,BHR,210.20595950000006,female,0.0,0.0,,-1.9167910632262095,1990.0
674,BHR,422.95223870000007,male,0.0,0.0,,,2005.0
675,BHR,314.0764125,female,0.0,0.0,,,2005.0
676,BHR,791.9934262999996,male,0.0,0.0,,,2010.0
677,BHR,477.6773263,female,0.0,0.0,,,2010.0
678,DZA,12780.657153899998,male,0.0,0.0,,-4.250428027039955,1990.0
679,DZA,12598.1508329,female,0.0,0.0,,-4.250428027039955,1990.0
680,DZA,16608.78501679999,male,0.0,0.0,-1.8521308276719735,-1.682994379301343,2005.0
681,DZA,16307.948899800003,female,0.0,0.0,-1.8521308276719735,-1.682994379301343,2005.0
682,DZA,17897.990836099998,male,0.0,0.0,-1.8721994316028634,-1.8290322852539866,2010.0
683,DZA,17567.998401000008,female,0.0,0.0,-1.8721994316028634,-1.8290322852539866,2010.0
684,EGY,28632.21682380001,male,0.0,0.0,,-1.406705193694424,1990.0
685,EGY,28303.7230819,female,0.0,0.0,,-1.406705193694424,1990.0
686,EGY,37345.22887519999,male,0.0,0.0,-2.092230598525393,-2.2925446210845952,2005.0
687,EGY,36933.58053400001,female,0.0,0.0,-2.092230598525393,-2.2925446210845952,2005.0
688,EGY,40751.94797720002,male,0.0,0.0,-2.36520135857596,-2.396428452400676,2010.0
689,EGY,40409.345289000004,female,0.0,0.0,-2.36520135857596,-2.396428452400676,2010.0
690,IRN,27673.964963799997,male,0.0,0.0,-2.2621217111127536,-1.1038693924899339,1990.0
691,IRN,27147.55957930001,female,0.0,0.0,-2.2621217111127536,-1.1038693924899339,1990.0
692,IRN,35762.535802,male,0.0,0.0,-1.8807395976957113,-1.808992095501539,2005.0
693,IRN,34482.124247399974,female,0.0,0.0,-1.8807395976957113,-1.808992095501539,2005.0
694,IRN,37537.98726900001,male,0.0,0.0,-2.172803841423472,-2.0714223618044882,2010.0
695,IRN,36425.252988900014,female,0.0,0.0,-2.172803841423472,-2.0714223618044882,2010.0
696,IRQ,8626.374940200003,male,0.0,0.0,-1.477780589503757,-1.151743547777693,1990.0
697,IRQ,8760.354349299989,female,0.0,0.0,-1.477780589503757,-1.151743547777693,1990.0
698,IRQ,13737.556317199993,male,0.0,0.0,-1.4157236220036697,-1.6673006545448723,2005.0
699,IRQ,13655.602294099997,female,0.0,0.0,-1.4157236220036697,-1.6673006545448723,2005.0
700,IRQ,15877.638541100005,male,0.0,0.0,-1.544514988672377,-1.5635362680683773,2010.0
701,IRQ,15776.956447899996,female,0.0,0.0,-1.544514988672377,-1.5635362680683773,2010.0
702,JOR,1774.3486947000008,male,0.0,0.0,,-4.250428027039955,1990.0
703,JOR,1609.5482700000007,female,0.0,0.0,,-4.250428027039955,1990.0
704,JOR,2778.5551958,male,0.0,0.0,,-2.645205509956717,2005.0
705,JOR,2592.8804748000002,female,0.0,0.0,,-2.645205509956717,2005.0
706,JOR,3144.8771558999997,male,0.0,0.0,,-2.5369088554004464,2010.0
707,JOR,2969.494218300003,female,0.0,0.0,,-2.5369088554004464,2010.0
708,KWT,1106.6735326999997,male,0.0,0.0,,-2.120792895499258,1990.0
709,KWT,971.9817781999998,female,0.0,0.0,,-2.120792895499258,1990.0
710,KWT,1360.6684371,male,0.0,0.0,-1.9345914000933337,-2.045824669099168,2005.0
711,KWT,911.3425487,female,0.0,0.0,-1.9345914000933337,-2.045824669099168,2005.0
712,KWT,1603.7467538000003,male,0.0,0.0,,-2.099939817255197,2010.0
713,KWT,1078.9916601,female,0.0,0.0,,-2.099939817255197,2010.0
714,LBN,1441.214386999999,male,0.0,0.0,-1.162138881706407,-0.9651673904350823,1990.0
715,LBN,1526.3134222999997,female,0.0,0.0,-1.162138881706407,-0.9651673904350823,1990.0
716,LBN,1986.5712081,male,0.0,0.0,-1.8298131560591742,-1.8555258142561866,2005.0
717,LBN,2077.3176974000025,female,0.0,0.0,-1.8298131560591742,-1.8555258142561866,2005.0
718,LBN,2066.277233499999,male,0.0,0.0,-2.0089207278185572,-1.7671366329639353,2010.0
719,LBN,2164.5669497999997,female,0.0,0.0,-2.0089207278185572,-1.7671366329639353,2010.0
720,LBY,2285.3091810000033,male,0.0,0.0,,,1990.0
721,LBY,2072.1134057,female,0.0,0.0,,,1990.0
722,LBY,2941.7781149000025,male,0.0,0.0,,,2005.0
723,LBY,2822.1970647000007,female,0.0,0.0,,,2005.0
724,LBY,3219.6622918000003,male,0.0,0.0,,,2010.0
725,LBY,3129.3247197,female,0.0,0.0,,,2010.0
726,MAR,12396.682175200001,male,0.0,0.0,,-1.7480254586304762,1990.0
727,MAR,12447.887304200003,female,0.0,0.0,,-1.7480254586304762,1990.0
728,MAR,15001.5708611,male,0.0,0.0,-2.18098226935769,-2.482362378657031,2005.0
729,MAR,15427.843753399999,female,0.0,0.0,-2.18098226935769,-2.482362378657031,2005.0
730,MAR,15669.528638100008,male,0.0,0.0,-2.3142906446854496,-2.467017034682682,2010.0
731,MAR,16273.677650200001,female,0.0,0.0,-2.3142906446854496,-2.467017034682682,2010.0
732,OMN,1042.8111940999993,male,0.0,0.0,,-4.250428027039955,1990.0
733,OMN,836.6641238000004,female,0.0,0.0,,-4.250428027039955,1990.0
734,OMN,1342.8579002000008,male,0.0,0.0,,-4.250428027039955,2005.0
735,OMN,1096.0300828999996,female,0.0,0.0,,-4.250428027039955,2005.0
736,OMN,1615.3503546000002,male,0.0,0.0,-4.029621537411595,-4.250428027039955,2010.0
737,OMN,1129.4221876,female,0.0,0.0,-4.029621537411595,-4.250428027039955,2010.0
738,PSE,1060.5022395,male,0.0,0.0,,,1990.0
739,PSE,1034.4158406,female,0.0,0.0,,,1990.0
740,PSE,1812.0264541000001,male,0.0,0.0,,,2005.0
741,PSE,1759.2991603999997,female,0.0,0.0,,,2005.0
742,PSE,2054.0902724000002,male,0.0,0.0,,,2010.0
743,PSE,1993.1987571,female,0.0,0.0,,,2010.0
744,QAT,317.99423619999976,male,0.0,0.0,,,1990.0
745,QAT,156.52282090000003,female,0.0,0.0,,,1990.0
746,QAT,554.3988602999997,male,0.0,0.0,,,2005.0
747,QAT,270.4369546,female,0.0,0.0,,,2005.0
748,QAT,1331.0408037999998,male,0.0,0.0,,,2010.0
749,QAT,427.90362250000004,female,0.0,0.0,,,2010.0
750,SAU,9052.068566600006,male,0.0,0.0,,-4.250428027039955,1990.0
751,SAU,7091.318960100003,female,0.0,0.0,,-4.250428027039955,1990.0
752,SAU,13492.4214845,male,0.0,0.0,-2.4503356478219676,-2.4018532388651215,2005.0
753,SAU,10575.822621199999,female,0.0,0.0,-2.4503356478219676,-2.4018532388651215,2005.0
754,SAU,15020.321259800003,male,0.0,0.0,-2.473534073212299,-2.4443059256006445,2010.0
755,SAU,12100.5834397,female,0.0,0.0,-2.473534073212299,-2.4443059256006445,2010.0
756,SYR,6210.7398543000045,male,0.0,0.0,,-1.3187971096727202,1990.0
757,SYR,6131.591250499997,female,0.0,0.0,,-1.3187971096727202,1990.0
758,SYR,9245.429806600001,male,0.0,0.0,,-4.250428027039955,2005.0
759,SYR,8939.972549900005,female,0.0,0.0,,-4.250428027039955,2005.0
760,SYR,10217.5598614,male,0.0,0.0,,-4.250428027039955,2010.0
761,SYR,9981.477378099999,female,0.0,0.0,,-4.250428027039955,2010.0
762,TUN,4141.029506400002,male,0.0,0.0,-4.029621537411595,-4.250428027039955,1990.0
763,TUN,4081.7162863999997,female,0.0,0.0,-4.029621537411595,-4.250428027039955,1990.0
764,TUN,4972.613739000001,male,0.0,0.0,,-4.250428027039955,2005.0
765,TUN,4954.742425400001,female,0.0,0.0,,-4.250428027039955,2005.0
766,TUN,5238.491232100001,male,0.0,0.0,,-4.250428027039955,2010.0
767,TUN,5238.150868099999,female,0.0,0.0,,-4.250428027039955,2010.0
768,TUR,27219.790861199996,male,0.0,0.0,-1.9010598455630385,-2.1242435241983557,1990.0
769,TUR,27154.8739707,female,0.0,0.0,-1.9010598455630385,-2.1242435241983557,1990.0
770,TUR,34058.23934029997,male,0.0,0.0,-1.9116918018775224,-1.8036336672813058,2005.0
771,TUR,34173.70556089999,female,0.0,0.0,-1.9116918018775224,-1.8036336672813058,2005.0
772,TUR,36258.4602051,male,0.0,0.0,-1.9358338920294946,-2.084478346353475,2010.0
773,TUR,36442.561785,female,0.0,0.0,-1.9358338920294946,-2.084478346353475,2010.0
774,YEM,5963.045855500002,male,0.0,0.0,,-1.3321749317061427,1990.0
775,YEM,6017.7312059999995,female,0.0,0.0,,-1.3321749317061427,1990.0
776,YEM,10400.758483999996,male,0.0,0.0,-4.029621537411595,-4.250428027039955,2005.0
777,YEM,10280.977660899995,female,0.0,0.0,-4.029621537411595,-4.250428027039955,2005.0
778,YEM,12120.414882300007,male,0.0,0.0,-1.8391554371994168,-2.237964965219072,2010.0
779,YEM,11965.336326100001,female,0.0,0.0,-1.8391554371994168,-2.237964965219072,2010.0
780,CAN,13700.772131900003,male,0.0,0.0,-4.029621537411595,-2.5328775920644824,1990.0
781,CAN,13934.365040999997,female,0.0,0.0,-4.029621537411595,-2.5328775920644824,1990.0
782,CAN,15963.8316892,male,0.0,0.0,-2.410670272341007,-2.5226086537724584,2005.0
783,CAN,16253.640278999994,female,0.0,0.0,-2.410670272341007,-2.5226086537724584,2005.0
784,CAN,16543.918549600006,male,0.0,0.0,,-2.527884134187423,2010.0
785,CAN,16797.137302999992,female,0.0,0.0,,-2.527884134187423,2010.0
786,USA,121775.56486899995,male,0.0,0.0,-2.6178833262512535,-2.74187288221459,1990.0
787,USA,128077.06706999996,female,0.0,0.0,-2.6178833262512535,-2.74187288221459,1990.0
788,USA,145859.19418400002,male,0.0,0.0,-2.292869454596209,-2.1721044078372715,2005.0
789,USA,150320.85765999998,female,0.0,0.0,-2.292869454596209,-2.1721044078372715,2005.0
790,USA,151288.090146,male,0.0,0.0,-2.1933914609732645,-2.1560788918597353,2010.0
791,USA,155205.25080999988,female,0.0,0.0,-2.1933914609732645,-2.1560788918597353,2010.0
792,FJI,372.6837745999999,male,0.0,0.0,,-4.250428027039955,1990.0
793,FJI,361.05961599999966,female,0.0,0.0,,-4.250428027039955,1990.0
794,FJI,422.3551253000001,male,0.0,0.0,,-4.250428027039955,2005.0
795,FJI,406.2816782000001,female,0.0,0.0,,-4.250428027039955,2005.0
796,FJI,440.30671229999984,male,0.0,0.0,-4.029621537411595,-4.250428027039955,2010.0
797,FJI,422.67756119999973,female,0.0,0.0,-4.029621537411595,-4.250428027039955,2010.0
798,FSM,49.23928540000001,male,0.0,0.0,,-4.250428027039955,1990.0
799,FSM,47.119741199999964,female,0.0,0.0,,-4.250428027039955,1990.0
800,FSM,56.23617679999995,male,0.0,0.0,,-4.250428027039955,2005.0
801,FSM,54.4636881,female,0.0,0.0,,-4.250428027039955,2005.0
802,FSM,56.994296999999975,male,0.0,0.0,,-4.250428027039955,2010.0
803,FSM,54.792893100000015,female,0.0,0.0,,-4.250428027039955,2010.0
804,KIR,36.079414099999994,male,0.0,0.0,,,1990.0
805,KIR,33.79219589999996,female,0.0,0.0,,,1990.0
806,KIR,44.86571650000002,male,0.0,0.0,,-1.7143652392532283,2005.0
807,KIR,43.293685999999994,female,0.0,0.0,,-1.7143652392532283,2005.0
808,KIR,48.16583040000001,male,0.0,0.0,,,2010.0
809,KIR,46.57155169999999,female,0.0,0.0,,,2010.0
810,MHL,24.31593420000002,male,0.0,0.0,,,1990.0
811,MHL,22.824899199999997,female,0.0,0.0,,,1990.0
812,MHL,29.939440300000008,male,0.0,0.0,,,2005.0
813,MHL,28.898696400000016,female,0.0,0.0,,,2005.0
814,MHL,32.6515197,male,0.0,0.0,,,2010.0
815,MHL,31.588574000000005,female,0.0,0.0,,,2010.0
816,PNG,2129.6527829,male,0.0,0.0,-1.7918463771491682,-2.1079525752439663,1990.0
817,PNG,2031.5565634999994,female,0.0,0.0,-1.7918463771491682,-2.1079525752439663,1990.0
818,PNG,3114.0184084000007,male,0.0,0.0,-4.029621537411595,-2.037164918229319,2005.0
819,PNG,2992.984030799999,female,0.0,0.0,-4.029621537411595,-2.037164918229319,2005.0
820,PNG,3502.4172888999997,male,0.0,0.0,,-2.203259603495464,2010.0
821,PNG,3365.060888299999,female,0.0,0.0,,-2.203259603495464,2010.0
822,SLB,162.66833060000005,male,0.0,0.0,,-4.250428027039955,1990.0
823,SLB,151.52455340000006,female,0.0,0.0,,-4.250428027039955,1990.0
824,SLB,244.31376860000003,male,0.0,0.0,,,2005.0
825,SLB,227.8972077,female,0.0,0.0,,,2005.0
826,SLB,279.0993231999998,male,0.0,0.0,-4.029621537411595,-4.250428027039955,2010.0
827,SLB,260.62835549999994,female,0.0,0.0,-4.029621537411595,-4.250428027039955,2010.0
828,TON,48.89576009999998,male,0.0,0.0,-4.029621537411595,-4.250428027039955,1990.0
829,TON,47.697367,female,0.0,0.0,-4.029621537411595,-4.250428027039955,1990.0
830,TON,50.60069139999997,male,0.0,0.0,,,2005.0
831,TON,50.456601799999966,female,0.0,0.0,,,2005.0
832,TON,52.21948089999999,male,0.0,0.0,,-4.250428027039955,2010.0
833,TON,52.17319459999998,female,0.0,0.0,,-4.250428027039955,2010.0
834,VUT,75.71719740000003,male,0.0,0.0,,-4.250428027039955,1990.0
835,VUT,71.58389550000008,female,0.0,0.0,,-4.250428027039955,1990.0
836,VUT,107.88898739999999,male,0.0,0.0,,-4.250428027039955,2005.0
837,VUT,103.48349089999999,female,0.0,0.0,,-4.250428027039955,2005.0
838,VUT,122.13413590000008,male,0.0,0.0,,-4.250428027039955,2010.0
839,VUT,117.54664020000003,female,0.0,0.0,,-4.250428027039955,2010.0
840,WSM,86.0995917,male,0.0,0.0,-4.029621537411595,-4.250428027039955,1990.0
841,WSM,77.91440209999995,female,0.0,0.0,-4.029621537411595,-4.250428027039955,1990.0
842,WSM,93.97124690000007,male,0.0,0.0,-4.029621537411595,-4.250428027039955,2005.0
843,WSM,87.34020170000002,female,0.0,0.0,-4.029621537411595,-4.250428027039955,2005.0
844,WSM,95.09569459999999,male,0.0,0.0,,-4.250428027039955,2010.0
845,WSM,89.01768940000004,female,0.0,0.0,,-4.250428027039955,2010.0
846,AGO,5151.956801799999,male,0.0,0.0,-1.3034636891843032,-1.2471219111417198,1990.0
847,AGO,5286.900152800005,female,0.0,0.0,-1.3034636891843032,-1.2471219111417198,1990.0
848,AGO,8229.980309299997,male,0.0,0.0,-2.1346797850531924,-1.6237995075507783,2005.0
849,AGO,8395.633792100001,female,0.0,0.0,-2.1346797850531924,-1.6237995075507783,2005.0
850,AGO,9581.360890800002,male,0.0,0.0,-4.029621537411595,-1.8045958618224014,2010.0
851,AGO,9742.0897475,female,0.0,0.0,-4.029621537411595,-1.8045958618224014,2010.0
852,CAF,1443.7699632,male,0.0,0.0,,,1990.0
853,CAF,1492.7975063999995,female,0.0,0.0,,,1990.0
854,CAF,1981.1804054000004,male,0.0,0.0,-4.029621537411595,-1.7507793257653312,2005.0
855,CAF,2041.0291779000008,female,0.0,0.0,-4.029621537411595,-1.7507793257653312,2005.0
856,CAF,2177.6837842999994,male,0.0,0.0,-1.8937621714063508,-1.8123929555174756,2010.0
857,CAF,2237.9417227999998,female,0.0,0.0,-1.8937621714063508,-1.8123929555174756,2010.0
858,COD,18060.761279399983,male,0.0,0.0,-1.9539994386910755,-2.144233945267642,1990.0
859,COD,18503.657307399983,female,0.0,0.0,-1.9539994386910755,-2.144233945267642,1990.0
860,COD,28783.8398659,male,0.0,0.0,-1.935487881616892,-1.4557406182559172,2005.0
861,COD,29089.968230599996,female,0.0,0.0,-1.935487881616892,-1.4557406182559172,2005.0
862,COD,33102.91776929999,male,0.0,0.0,-1.837063646977779,-1.714116395837428,2010.0
863,COD,33398.58079939998,female,0.0,0.0,-1.837063646977779,-1.714116395837428,2010.0
864,COG,1192.8207160999998,male,0.0,0.0,,,1990.0
865,COG,1200.4751892999998,female,0.0,0.0,,,1990.0
866,COG,1768.1808568999993,male,0.0,0.0,-2.0093139214692406,-1.2029123898906464,2005.0
867,COG,1767.0400192000004,female,0.0,0.0,-2.0093139214692406,-1.2029123898906464,2005.0
868,COG,2028.5251129999997,male,0.0,0.0,,-1.7732581809926213,2010.0
869,COG,2023.8743818000007,female,0.0,0.0,,-1.7732581809926213,2010.0
870,GAB,460.16113479999996,male,0.0,0.0,,,1990.0
871,GAB,469.6731334000001,female,0.0,0.0,,,1990.0
872,GAB,684.9807657,male,0.0,0.0,,,2005.0
873,GAB,685.6180241999999,female,0.0,0.0,,,2005.0
874,GAB,755.4953272999999,male,0.0,0.0,,,2010.0
875,GAB,751.4013973000001,female,0.0,0.0,,,2010.0
876,GNQ,191.00577649999988,male,0.0,0.0,,,1990.0
877,GNQ,182.95647649999998,female,0.0,0.0,,,1990.0
878,GNQ,312.38937339999956,male,0.0,0.0,,,2005.0
879,GNQ,296.6010406999999,female,0.0,0.0,,,2005.0
880,GNQ,359.9191824999998,male,0.0,0.0,,,2010.0
881,GNQ,342.16543880000006,female,0.0,0.0,,,2010.0
882,BDI,2738.6932752,male,0.0,0.0,,-4.250428027039955,1990.0
883,BDI,2872.2047580999993,female,0.0,0.0,,-4.250428027039955,1990.0
884,BDI,3556.7877273999998,male,0.0,0.0,-1.5513251027022161,-1.3895134315748376,2005.0
885,BDI,3719.8719085000016,female,0.0,0.0,-1.5513251027022161,-1.3895134315748376,2005.0
886,BDI,4140.044007099999,male,0.0,0.0,-1.818677911871816,-1.5520811761610391,2010.0
887,BDI,4286.135837900005,female,0.0,0.0,-1.818677911871816,-1.5520811761610391,2010.0
888,COM,220.29139920000003,male,0.0,0.0,,-4.250428027039955,1990.0
889,COM,219.51425990000004,female,0.0,0.0,,-4.250428027039955,1990.0
890,COM,324.9552739999999,male,0.0,0.0,-4.029621537411595,-1.6232105781333834,2005.0
891,COM,321.35053649999986,female,0.0,0.0,-4.029621537411595,-1.6232105781333834,2005.0
892,COM,371.9803798,male,0.0,0.0,,-4.250428027039955,2010.0
893,COM,366.66789969999985,female,0.0,0.0,,-4.250428027039955,2010.0
894,DJI,278.71622770000016,male,0.0,0.0,,-4.250428027039955,1990.0
895,DJI,279.8616963999998,female,0.0,0.0,,-4.250428027039955,1990.0
896,DJI,406.51673279999983,male,0.0,0.0,,-1.826593619779144,2005.0
897,DJI,406.22651659999997,female,0.0,0.0,,-1.826593619779144,2005.0
898,DJI,447.28088339999994,male,0.0,0.0,,-1.7860155534426474,2010.0
899,DJI,446.4186828999999,female,0.0,0.0,,-1.7860155534426474,2010.0
900,ERI,1548.7801990999997,male,0.0,0.0,,,1990.0
901,ERI,1608.2802145999997,female,0.0,0.0,,,1990.0
902,ERI,2196.5055669000017,male,0.0,0.0,-2.1555976872695592,-0.973482078435021,2005.0
903,ERI,2280.9001517000006,female,0.0,0.0,-2.1555976872695592,-0.973482078435021,2005.0
904,ERI,2580.9667683000002,male,0.0,0.0,,-1.9990255173676676,2010.0
905,ERI,2662.0498171000017,female,0.0,0.0,,-1.9990255173676676,2010.0
906,ETH,23922.138389999993,male,0.0,0.0,-1.0793983554057607,-1.2844351518629158,1990.0
907,ETH,24335.836399600015,female,0.0,0.0,-1.0793983554057607,-1.2844351518629158,1990.0
908,ETH,36976.6993833,male,0.0,0.0,-1.9967317246473673,-1.9501029018213365,2005.0
909,ETH,37387.6834243,female,0.0,0.0,-1.9967317246473673,-1.9501029018213365,2005.0
910,ETH,41406.544439499965,male,0.0,0.0,-2.361741254449944,-1.9903491769367656,2010.0
911,ETH,41807.06715939999,female,0.0,0.0,-2.361741254449944,-1.9903491769367656,2010.0
912,KEN,11669.941896999999,male,0.0,0.0,-4.029621537411595,-2.0452938031454613,1990.0
913,KEN,11751.794250900004,female,0.0,0.0,-4.029621537411595,-2.0452938031454613,1990.0
914,KEN,17825.69369660001,male,0.0,0.0,-1.9058096248632965,-2.0714887200487024,2005.0
915,KEN,17863.6173122,female,0.0,0.0,-1.9058096248632965,-2.0714887200487024,2005.0
916,KEN,20333.501510500017,male,0.0,0.0,-4.029621537411595,-2.0525434413257755,2010.0
917,KEN,20362.4153198,female,0.0,0.0,-4.029621537411595,-2.0525434413257755,2010.0
918,MDG,5652.4033715000005,male,0.0,0.0,-4.029621537411595,-4.250428027039955,1990.0
919,MDG,5640.592886699999,female,0.0,0.0,-4.029621537411595,-4.250428027039955,1990.0
920,MDG,8922.01301,male,0.0,0.0,-4.029621537411595,-2.3490320764712527,2005.0
921,MDG,8981.934033299995,female,0.0,0.0,-4.029621537411595,-2.3490320764712527,2005.0
922,MDG,10330.954481099998,male,0.0,0.0,-4.029621537411595,-2.2681247872140635,2010.0
923,MDG,10395.887817900002,female,0.0,0.0,-4.029621537411595,-2.2681247872140635,2010.0
924,MOZ,6496.555341700001,male,0.0,0.0,-1.4040033056640935,-1.1537243413674627,1990.0
925,MOZ,7083.4359991,female,0.0,0.0,-1.4040033056640935,-1.1537243413674627,1990.0
926,MOZ,10027.216959699987,male,0.0,0.0,-4.029621537411595,-4.250428027039955,2005.0
927,MOZ,10700.906333900008,female,0.0,0.0,-4.029621537411595,-4.250428027039955,2005.0
928,MOZ,11404.1118902,male,0.0,0.0,-4.029621537411595,-4.250428027039955,2010.0
929,MOZ,12020.270938800004,female,0.0,0.0,-4.029621537411595,-4.250428027039955,2010.0
930,MWI,4599.408250900001,male,0.0,0.0,,-4.250428027039955,1990.0
931,MWI,4765.821014100002,female,0.0,0.0,,-4.250428027039955,1990.0
932,MWI,6428.986917700001,male,0.0,0.0,-4.029621537411595,-4.250428027039955,2005.0
933,MWI,6473.416626100002,female,0.0,0.0,-4.029621537411595,-4.250428027039955,2005.0
934,MWI,7491.539785300001,male,0.0,0.0,,-4.250428027039955,2010.0
935,MWI,7488.882377400002,female,0.0,0.0,,-4.250428027039955,2010.0
936,RWA,3493.2018606,male,0.0,0.0,-1.241356392896928,-1.4905007255310019,1990.0
937,RWA,3591.583260900001,female,0.0,0.0,-1.241356392896928,-1.4905007255310019,1990.0
938,RWA,4510.431941500003,male,0.0,0.0,,-1.4966272504280045,2005.0
939,RWA,4699.533192199995,female,0.0,0.0,,-1.4966272504280045,2005.0
940,RWA,5257.248010000002,male,0.0,0.0,-1.7129560030760154,-1.640452108936131,2010.0
941,RWA,5448.129024499994,female,0.0,0.0,-1.7129560030760154,-1.640452108936131,2010.0
942,SDN,13427.752205200002,male,0.0,0.0,-1.3619536038853894,-1.447248421952707,1990.0
943,SDN,13286.834679799995,female,0.0,0.0,-1.3619536038853894,-1.447248421952707,1990.0
944,SDN,19406.756249899998,male,0.0,0.0,-1.5867722966986422,-1.512234709466996,2005.0
945,SDN,19117.25422199999,female,0.0,0.0,-1.5867722966986422,-1.512234709466996,2005.0
946,SDN,22016.386302900017,male,0.0,0.0,-1.6066521676772032,-1.5820800794138115,2010.0
947,SDN,21668.582581,female,0.0,0.0,-1.6066521676772032,-1.5820800794138115,2010.0
948,SOM,3303.7734405999995,male,0.0,0.0,-1.2253817212569564,-1.3461881339279071,1990.0
949,SOM,3370.7875882000008,female,0.0,0.0,-1.2253817212569564,-1.3461881339279071,1990.0
950,SOM,4184.770950699999,male,0.0,0.0,-1.6076901989150085,-1.6182088254757985,2005.0
951,SOM,4255.026657799998,female,0.0,0.0,-1.6076901989150085,-1.6182088254757985,2005.0
952,SOM,4692.992827099999,male,0.0,0.0,-1.2790793917435108,-1.475928455101739,2010.0
953,SOM,4762.401434400001,female,0.0,0.0,-1.2790793917435108,-1.475928455101739,2010.0
954,TZA,12631.29798489999,male,0.0,0.0,-4.029621537411595,-4.250428027039955,1990.0
955,TZA,12855.944219800005,female,0.0,0.0,-4.029621537411595,-4.250428027039955,1990.0
956,TZA,19422.143335,male,0.0,0.0,-4.029621537411595,-2.606137093676077,2005.0
957,TZA,19533.457509899996,female,0.0,0.0,-4.029621537411595,-2.606137093676077,2005.0
958,TZA,22470.256039699994,male,0.0,0.0,,-2.5977261862220273,2010.0
959,TZA,22497.915882400004,female,0.0,0.0,,-2.5977261862220273,2010.0
960,UGA,8809.475948099998,male,0.0,0.0,-1.572757302213676,-1.2274765529423424,1990.0
961,UGA,8903.535718299994,female,0.0,0.0,-1.572757302213676,-1.2274765529423424,1990.0
962,UGA,14215.022261600001,male,0.0,0.0,-1.6527659190293735,-1.620572837925901,2005.0
963,UGA,14316.9564909,female,0.0,0.0,-1.6527659190293735,-1.620572837925901,2005.0
964,UGA,16818.894291999994,male,0.0,0.0,-2.107014679791097,-1.7147136200353479,2010.0
965,UGA,16840.927225400006,female,0.0,0.0,-2.107014679791097,-1.7147136200353479,2010.0
966,ZMB,3904.3831726999992,male,0.0,0.0,,,1990.0
967,ZMB,3944.9079183000003,female,0.0,0.0,,,1990.0
968,ZMB,5771.644692599996,male,0.0,0.0,,-4.250428027039955,2005.0
969,ZMB,5759.237654499999,female,0.0,0.0,,-4.250428027039955,2005.0
970,ZMB,6620.543888500004,male,0.0,0.0,,-4.250428027039955,2010.0
971,ZMB,6581.8576816,female,0.0,0.0,,-4.250428027039955,2010.0
972,BWA,684.5875276000004,male,0.0,0.0,,-4.250428027039955,1990.0
973,BWA,701.1312711,female,0.0,0.0,,-4.250428027039955,1990.0
974,BWA,942.1180200999997,male,0.0,0.0,,-4.250428027039955,2005.0
975,BWA,937.4523162999998,female,0.0,0.0,,-4.250428027039955,2005.0
976,BWA,1012.9077426999994,male,0.0,0.0,,,2010.0
977,BWA,995.6907941999999,female,0.0,0.0,,,2010.0
978,LSO,778.5606742000006,male,0.0,0.0,-4.029621537411595,-4.250428027039955,1990.0
979,LSO,865.6032138000003,female,0.0,0.0,-4.029621537411595,-4.250428027039955,1990.0
980,LSO,1007.1733040999998,male,0.0,0.0,,-1.8175191298829612,2005.0
981,LSO,1064.936191,female,0.0,0.0,,-1.8175191298829612,2005.0
982,LSO,1066.5547335999993,male,0.0,0.0,,-4.250428027039955,2010.0
983,LSO,1104.2750963000005,female,0.0,0.0,,-4.250428027039955,2010.0
984,NAM,693.4931775999999,male,0.0,0.0,,,1990.0
985,NAM,723.1011596999999,female,0.0,0.0,,,1990.0
986,NAM,1029.7675732,male,0.0,0.0,,-1.9007323681265667,2005.0
987,NAM,1050.7677842999992,female,0.0,0.0,,-1.9007323681265667,2005.0
988,NAM,1133.6802028000009,male,0.0,0.0,-4.029621537411595,-2.335577942456986,2010.0
989,NAM,1148.7039155000007,female,0.0,0.0,-4.029621537411595,-2.335577942456986,2010.0
990,SWZ,407.2700605000001,male,0.0,0.0,,-4.250428027039955,1990.0
991,SWZ,455.732156,female,0.0,0.0,,-4.250428027039955,1990.0
992,SWZ,541.0646445999996,male,0.0,0.0,,,2005.0
993,SWZ,565.6242149000001,female,0.0,0.0,,,2005.0
994,SWZ,584.6070043999999,male,0.0,0.0,,-4.250428027039955,2010.0
995,SWZ,604.3735532999998,female,0.0,0.0,,-4.250428027039955,2010.0
996,ZAF,18217.653789099993,male,0.0,0.0,-1.6918179124152664,-1.6574149351131822,1990.0
997,ZAF,18585.05731639999,female,0.0,0.0,-1.6918179124152664,-1.6574149351131822,1990.0
998,ZAF,23626.741101300002,male,0.0,0.0,-2.228574428836431,-2.272653737381628,2005.0
999,ZAF,24255.60077609999,female,0.0,0.0,-2.228574428836431,-2.272653737381628,2005.0
1000,ZAF,24886.965732600012,male,0.0,0.0,-4.029621537411595,-2.37521040381344,2010.0
1001,ZAF,25348.65650480001,female,0.0,0.0,-4.029621537411595,-2.37521040381344,2010.0
1002,ZWE,5223.0276417999985,male,0.0,0.0,-2.3163352516690057,-1.9159781747345943,1990.0
1003,ZWE,5268.302167399999,female,0.0,0.0,-2.3163352516690057,-1.9159781747345943,1990.0
1004,ZWE,6257.640908900001,male,0.0,0.0,,-4.250428027039955,2005.0
1005,ZWE,6376.064003,female,0.0,0.0,,-4.250428027039955,2005.0
1006,ZWE,6212.304994700003,male,0.0,0.0,,-2.334383494061145,2010.0
1007,ZWE,6391.817766700001,female,0.0,0.0,,-2.334383494061145,2010.0
1008,BEN,2291.719192799999,male,0.0,0.0,,-4.250428027039955,1990.0
1009,BEN,2484.7616566999995,female,0.0,0.0,,-4.250428027039955,1990.0
1010,BEN,3755.7995212000005,male,0.0,0.0,,-4.250428027039955,2005.0
1011,BEN,3897.7633095000006,female,0.0,0.0,,-4.250428027039955,2005.0
1012,BEN,4389.099157200005,male,0.0,0.0,-4.029621537411595,-4.250428027039955,2010.0
1013,BEN,4503.068247300001,female,0.0,0.0,-4.029621537411595,-4.250428027039955,2010.0
1014,BFA,4566.733230200002,male,0.0,0.0,,-1.8948430739526263,1990.0
1015,BFA,4758.8340193,female,0.0,0.0,,-1.8948430739526263,1990.0
1016,BFA,7021.9889061999975,male,0.0,0.0,,-4.250428027039955,2005.0
1017,BFA,7181.216014000001,female,0.0,0.0,,-4.250428027039955,2005.0
1018,BFA,8145.039356000002,male,0.0,0.0,-4.029621537411595,-4.250428027039955,2010.0
1019,BFA,8276.105501900007,female,0.0,0.0,-4.029621537411595,-4.250428027039955,2010.0
1020,CIV,6485.967227899999,male,0.0,0.0,,,1990.0
1021,CIV,6007.0543588,female,0.0,0.0,,,1990.0
1022,CIV,9239.448122100006,male,0.0,0.0,-1.8483247131333578,-1.8409104109681846,2005.0
1023,CIV,8807.571163999997,female,0.0,0.0,-1.8483247131333578,-1.8409104109681846,2005.0
1024,CIV,10044.845554000007,male,0.0,0.0,-1.808910981588835,-1.8823013657962928,2010.0
1025,CIV,9675.467658000005,female,0.0,0.0,-1.808910981588835,-1.8823013657962928,2010.0
1026,CMR,6060.249640499999,male,0.0,0.0,,-1.8386044619817685,1990.0
1027,CMR,6140.372982900001,female,0.0,0.0,,-1.8386044619817685,1990.0
1028,CMR,8776.598350600003,male,0.0,0.0,-4.029621537411595,-2.297836691060614,2005.0
1029,CMR,8828.188353999996,female,0.0,0.0,-4.029621537411595,-2.297836691060614,2005.0
1030,CMR,9828.820589799992,male,0.0,0.0,-4.029621537411595,-2.0991601078856905,2010.0
1031,CMR,9858.0096079,female,0.0,0.0,-4.029621537411595,-2.0991601078856905,2010.0
1032,CPV,167.90254090000002,male,0.0,0.0,,-4.250428027039955,1990.0
1033,CPV,183.13315800000004,female,0.0,0.0,,-4.250428027039955,1990.0
1034,CPV,232.58188579999998,male,0.0,0.0,,,2005.0
1035,CPV,241.93337289999985,female,0.0,0.0,,,2005.0
1036,CPV,246.40111479999987,male,0.0,0.0,,-4.250428027039955,2010.0
1037,CPV,251.1220569999999,female,0.0,0.0,,-4.250428027039955,2010.0
1038,GHA,7507.9028296,male,0.0,0.0,,-2.2244942416437516,1990.0
1039,GHA,7297.107345300002,female,0.0,0.0,,-2.2244942416437516,1990.0
1040,GHA,10998.717682999999,male,0.0,0.0,,-2.22552279442906,2005.0
1041,GHA,10642.607821999993,female,0.0,0.0,,-2.22552279442906,2005.0
1042,GHA,12410.680511499997,male,0.0,0.0,-4.029621537411595,-2.303443962696646,2010.0
1043,GHA,11992.985737799992,female,0.0,0.0,-4.029621537411595,-2.303443962696646,2010.0
1044,GIN,2901.7081645,male,0.0,0.0,,-4.250428027039955,1990.0
1045,GIN,2854.4163486,female,0.0,0.0,,-4.250428027039955,1990.0
1046,GIN,4599.619444800003,male,0.0,0.0,,-1.7806239461003088,2005.0
1047,GIN,4501.609961500002,female,0.0,0.0,,-1.7806239461003088,2005.0
1048,GIN,5067.254606199997,male,0.0,0.0,-4.029621537411595,-1.8230932223968859,2010.0
1049,GIN,4954.863134000002,female,0.0,0.0,-4.029621537411595,-1.8230932223968859,2010.0
1050,GMB,484.76290579999994,male,0.0,0.0,,-1.1462457672446127,1990.0
1051,GMB,480.4368606999996,female,0.0,0.0,,-1.1462457672446127,1990.0
1052,GMB,745.9407960999996,male,0.0,0.0,,-4.250428027039955,2005.0
1053,GMB,762.1706033999997,female,0.0,0.0,,-4.250428027039955,2005.0
1054,GMB,856.4760218999995,male,0.0,0.0,-4.029621537411595,-4.250428027039955,2010.0
1055,GMB,877.5949973999999,female,0.0,0.0,-4.029621537411595,-4.250428027039955,2010.0
1056,GNB,505.21318740000004,male,0.0,0.0,,-4.250428027039955,1990.0
1057,GNB,515.8100090999999,female,0.0,0.0,,-4.250428027039955,1990.0
1058,GNB,680.0036545,male,0.0,0.0,,-1.4241706835713912,2005.0
1059,GNB,691.9229381999997,female,0.0,0.0,,-1.4241706835713912,2005.0
1060,GNB,755.9991221999999,male,0.0,0.0,-4.029621537411595,-4.250428027039955,2010.0
1061,GNB,768.1009373,female,0.0,0.0,-4.029621537411595,-4.250428027039955,2010.0
1062,LBR,1074.5639732999994,male,0.0,0.0,-1.0351593513800492,-1.2028775518124344,1990.0
1063,LBR,1079.5202734999998,female,0.0,0.0,-1.0351593513800492,-1.2028775518124344,1990.0
1064,LBR,1600.247760900001,male,0.0,0.0,,-1.3480046908632488,2005.0
1065,LBR,1594.5219490000004,female,0.0,0.0,,-1.3480046908632488,2005.0
1066,LBR,1996.7098660000001,male,0.0,0.0,-4.029621537411595,-1.500262023254793,2010.0
1067,LBR,1977.9650330999998,female,0.0,0.0,-4.029621537411595,-1.500262023254793,2010.0
1068,MLI,4279.279470799999,male,0.0,0.0,-1.601745110916673,-1.8688306422209728,1990.0
1069,MLI,4402.4737161,female,0.0,0.0,-1.601745110916673,-1.8688306422209728,1990.0
1070,MLI,6569.557531700001,male,0.0,0.0,,-2.2374838679485256,2005.0
1071,MLI,6632.864987200001,female,0.0,0.0,,-2.2374838679485256,2005.0
1072,MLI,7724.660441500001,male,0.0,0.0,,-2.15015641856369,2010.0
1073,MLI,7738.377214700002,female,0.0,0.0,,-2.15015641856369,2010.0
1074,MRT,996.7128637999996,male,0.0,0.0,,-1.56080064945068,1990.0
1075,MRT,1006.2889491999997,female,0.0,0.0,,-1.56080064945068,1990.0
1076,MRT,1532.0434505000005,male,0.0,0.0,,-4.250428027039955,2005.0
1077,MRT,1521.8901096999996,female,0.0,0.0,,-4.250428027039955,2005.0
1078,MRT,1745.9722110999994,male,0.0,0.0,-1.8188037338400345,-2.199709437430047,2010.0
1079,MRT,1727.771325299999,female,0.0,0.0,-1.8188037338400345,-2.199709437430047,2010.0
1080,NER,3840.459698800001,male,0.0,0.0,-1.6629889539471465,-1.8293143077918936,1990.0
1081,NER,3949.283082200001,female,0.0,0.0,-1.6629889539471465,-1.8293143077918936,1990.0
1082,NER,6540.902892099999,male,0.0,0.0,,-2.1237292478057026,2005.0
1083,NER,6498.853751000001,female,0.0,0.0,,-2.1237292478057026,2005.0
1084,NER,7815.743011500003,male,0.0,0.0,-4.029621537411595,-2.263230866703326,2010.0
1085,NER,7730.871881499999,female,0.0,0.0,-4.029621537411595,-2.263230866703326,2010.0
1086,NGA,49157.32070950001,male,0.0,0.0,-2.2041177837639117,-2.435712532975009,1990.0
1087,NGA,48524.86373030002,female,0.0,0.0,-2.2041177837639117,-2.435712532975009,1990.0
1088,NGA,70739.66110110005,male,0.0,0.0,-2.1821146670716596,-2.034626715388157,2005.0
1089,NGA,69234.53167910001,female,0.0,0.0,-2.1821146670716596,-2.034626715388157,2005.0
1090,NGA,80373.89649519997,male,0.0,0.0,-1.9317446780623844,-2.0582004816449677,2010.0
1091,NGA,78417.00675419996,female,0.0,0.0,-1.9317446780623844,-2.0582004816449677,2010.0
1092,SEN,3625.8862163000003,male,0.0,0.0,-1.8458397292610367,-1.9469840643433067,1990.0
1093,SEN,3629.653342999999,female,0.0,0.0,-1.8458397292610367,-1.9469840643433067,1990.0
1094,SEN,5405.935373800003,male,0.0,0.0,,-1.8778055947508354,2005.0
1095,SEN,5486.696199500003,female,0.0,0.0,,-1.8778055947508354,2005.0
1096,SEN,6182.877619800001,male,0.0,0.0,-4.029621537411595,-2.1599442595851666,2010.0
1097,SEN,6283.248724900001,female,0.0,0.0,-4.029621537411595,-2.1599442595851666,2010.0
1098,SLE,1943.6148858000006,male,0.0,0.0,,-4.250428027039955,1990.0
1099,SLE,2026.2844083999985,female,0.0,0.0,,-4.250428027039955,1990.0
1100,SLE,2500.862251100001,male,0.0,0.0,-4.029621537411595,-1.5049402794718376,2005.0
1101,SLE,2627.889534300002,female,0.0,0.0,-4.029621537411595,-1.5049402794718376,2005.0
1102,SLE,2884.241585499999,male,0.0,0.0,,-2.040250576585244,2010.0
1103,SLE,3011.2214351000025,female,0.0,0.0,,-2.040250576585244,2010.0
1104,STP,57.930861999999976,male,0.0,0.0,,-1.9005498829549794,1990.0
1105,STP,58.93796090000002,female,0.0,0.0,,-1.9005498829549794,1990.0
1106,STP,76.05503650000001,male,0.0,0.0,,,2005.0
1107,STP,77.4189352,female,0.0,0.0,,,2005.0
1108,STP,82.52858419999998,male,0.0,0.0,,,2010.0
1109,STP,84.06725630000008,female,0.0,0.0,,,2010.0
1110,TCD,2971.6067850999993,male,0.0,0.0,-1.2312481705251543,-1.285772270483816,1990.0
1111,TCD,3041.590245299999,female,0.0,0.0,-1.2312481705251543,-1.285772270483816,1990.0
1112,TCD,4880.8511824,male,0.0,0.0,-1.8079358613351408,-1.6631366747204825,2005.0
1113,TCD,4942.255038000004,female,0.0,0.0,-1.8079358613351408,-1.6631366747204825,2005.0
1114,TCD,5625.681947700003,male,0.0,0.0,-1.9665501800208955,-1.6601671432919316,2010.0
1115,TCD,5681.820496200001,female,0.0,0.0,-1.9665501800208955,-1.6601671432919316,2010.0
1116,TGO,1813.473636799999,male,0.0,0.0,,-1.924007522284417,1990.0
1117,TGO,1854.1979570000003,female,0.0,0.0,,-1.924007522284417,1990.0
1118,TGO,2676.980597300001,male,0.0,0.0,-1.4824234201310293,-1.5636540539518562,2005.0
1119,TGO,2729.2129579000016,female,0.0,0.0,-1.4824234201310293,-1.5636540539518562,2005.0
1120,TGO,2985.830727800001,male,0.0,0.0,-4.029621537411595,-1.8029369057170654,2010.0
1121,TGO,3041.3052384000002,female,0.0,0.0,-4.029621537411595,-1.8029369057170654,2010.0
